x,y,z,vx,vy,vz,ax,ay,az,yaw_rate,res_dx,res_dy,res_dz,res_dvx,res_dvy,res_dvz
-2.310999669134616852e-02,-1.605863422155380249e-01,2.946749448776245117e+00,7.494707405567169189e-02,1.161628365516662598e-01,3.639426454901695251e-02,-1.449025526971949029e-01,2.471742092788990330e-03,-2.486997022256238310e+00,0.000000000000000000e+00,-1.498941481113433977e-03,-2.323256731033312983e-03,-7.278852909804456317e-04,2.898051053943903610e-03,-4.943484185578050916e-05,4.973994044512476675e-02
-2.310999669134616852e-02,-1.605863422155380249e-01,2.946749448776245117e+00,7.494707405567169189e-02,1.161628365516662598e-01,3.639426454901695251e-02,-1.335827047461302652e-01,2.197012542821255299e-01,-2.486997022808935753e+00,-3.368378296178983508e-23,1.706809442490339265e-02,1.768979251384736329e-02,-9.671443030238258132e-03,-1.229772088958018539e-02,1.014725816421252480e-02,6.891797705653004980e-02
-4.542960785329341888e-03,-1.405732929706573486e-01,2.937805891036987305e+00,5.997769907116889954e-02,1.307041198015213013e-01,5.557230114936828613e-02,-1.281341190831362109e-01,2.543560587415317209e-01,-2.539634392050547529e+00,2.000900048853403657e-23,-1.199553981423378234e-03,-2.614082396030420474e-03,-1.111446022987294668e-03,2.562682381662725883e-03,-5.087121174830622206e-03,5.079268784101095141e-02
-4.542960785329341888e-03,-1.405732929706573486e-01,2.937805891036987305e+00,5.997769907116889954e-02,1.307041198015213013e-01,5.557230114936828613e-02,-1.158355127075709756e-01,3.401523591021935466e-01,-2.539634392005513330e+00,-1.307920774096841245e-23,1.251239676028489956e-02,1.047746688127518255e-02,-5.178628563880849356e-03,-5.328896740477484517e-03,-4.032831909140416338e-03,5.979637176478525690e-02
9.168989956378936768e-03,-1.274817436933517456e-01,2.933738708496093750e+00,5.233209207653999329e-02,1.334743350744247437e-01,6.457598507404327393e-02,-1.115480262215450685e-01,4.108134123717497310e-01,-2.564605590248760780e+00,-3.092465855037249997e-23,-1.046641841530800837e-03,-2.669486701488490987e-03,-1.291519701480670079e-03,2.230960524430898595e-03,-8.216268247434987959e-03,5.129211180497521977e-02
9.168989956378936768e-03,-1.274817436933517456e-01,2.933738708496093750e+00,5.233209207653999329e-02,1.334743350744247437e-01,6.457598507404327393e-02,-9.374230598872343445e-02,4.946380415891245552e-01,-2.564605590209120045e+00,-3.518568312272282440e-23,2.201376937329769037e-02,5.362671315670017314e-03,1.127027839422245492e-02,-5.601289968596809277e-03,-7.797359544703619250e-03,8.361115091055142112e-02
3.222940117120742798e-02,-1.194495856761932373e-01,2.946300506591796875e+00,4.485595598816871643e-02,1.355697363615036011e-01,9.689502418041229248e-02,-1.036271364406243650e-01,5.792970179799975528e-01,-2.707696995607080215e+00,-1.212097912858173822e-23,-8.971191197633746062e-04,-2.711394727230073687e-03,-1.937900483608423485e-03,2.072542728812486190e-03,-1.158594035959994994e-02,5.415393991214160346e-02
3.222940117120742798e-02,-1.194495856761932373e-01,2.946300506591796875e+00,4.485595598816871643e-02,1.355697363615036011e-01,9.689502418041229248e-02,-7.970883139403688034e-02,6.631724045568521131e-01,-2.707696995585979760e+00,-3.087381230853037718e-23,1.531459175050258609e-02,7.691217660903928999e-03,2.123662382364255308e-02,-1.042467158269246019e-02,1.147371628702914537e-02,8.036105913817528923e-02
4.844111204147338867e-02,-1.090469732880592346e-01,2.969475030899047852e+00,3.283710777759552002e-02,1.603069007396697998e-01,1.231021434068679810e-01,-5.439879131581551452e-02,7.052634994671711510e-01,-2.849290711512304064e+00,1.009864826328263624e-24,9.370409399271008299e-03,3.631066083908077169e-03,1.286541074514380156e-02,-6.324141148275896906e-03,1.384786299767898354e-02,5.678588535050822783e-02
5.846826359629631042e-02,-1.022097691893577576e-01,2.984802484512329102e+00,2.542499080300331116e-02,1.882600337266921997e-01,1.229022145271301270e-01,-2.465232041040594721e-02,7.412394200022415225e-01,-2.878724812469073857e+00,2.001542546900246022e-23,-5.084998160600692763e-04,-3.765200674533841774e-03,-2.458044290542638066e-03,4.930464082081205401e-04,-1.482478840004483600e-02,5.757449624938147659e-02
5.846826359629631042e-02,-1.022097691893577576e-01,2.984802484512329102e+00,2.542499080300331116e-02,1.882600337266921997e-01,1.229022145271301270e-01,7.174083024620823111e-03,8.212565440475575462e-01,-2.878724812355644147e+00,1.698957695524808095e-23,1.311910755932330780e-02,1.836963981389999612e-02,2.191977858543392443e-02,-1.268070122212886300e-02,6.185679324758125430e-02,2.707304862910522858e-02
7.209587097167968750e-02,-8.007492870092391968e-02,3.009180307388305664e+00,1.288777124136686325e-02,2.665419578552246094e-01,9.240076690912246704e-02,4.710038431649579693e-02,7.477253205473499698e-01,-2.814992096108923647e+00,-1.843678487366734622e-24,-2.577554248273383752e-04,-5.330839157104486081e-03,-1.848015338182573686e-03,-9.420076863299164244e-04,-1.495450641094697719e-02,5.629984192217847572e-02
7.209587097167968750e-02,-8.007492870092391968e-02,3.009180307388305664e+00,1.288777124136686325e-02,2.665419578552246094e-01,9.240076690912246704e-02,9.551759819678520835e-02,8.496053207551891306e-01,-2.814992098228298989e+00,-2.860495345677042259e-24,2.127437034621834644e-02,4.100732043385506287e-02,7.890429943799848189e-03,-6.003539825080247624e-03,1.181423223244439380e-01,-1.123187130368484554e-03
9.362799674272537231e-02,-3.373676910996437073e-02,3.018918752670288086e+00,8.794583380222320557e-03,4.016763865947723389e-01,3.497773781418800354e-02,1.035888761710446471e-01,6.520652342801050994e-01,-2.623847186035439982e+00,2.192677063037318116e-23,-1.758916676044414151e-04,-8.033527731895445667e-03,-6.995547562835824351e-04,-2.071777523420893774e-03,-1.304130468560210643e-02,5.247694372070880325e-02
9.362799674272537231e-02,-3.373676910996437073e-02,3.018918752670288086e+00,8.794583380222320557e-03,4.016763865947723389e-01,3.497773781418800354e-02,1.606523895689752623e-01,7.535630840681777354e-01,-2.623847185380474567e+00,1.973187183436174965e-23,3.479565098881721996e-02,6.952112287282943837e-02,-1.369956620037537931e-02,1.406229865167755479e-02,1.547189764606499707e-01,1.842245698632107714e-02
1.285995393991470337e-01,4.381788149476051331e-02,3.005918741226196289e+00,2.606992982327938080e-02,5.714666247367858887e-01,9.232510928995907307e-04,8.883481565373949063e-02,4.602687303586394663e-01,-2.473537258545157158e+00,2.394461314723889266e-23,-5.213985964655776240e-04,-1.142933249473571805e-02,-1.846502185820497743e-05,-1.776696313074789535e-03,-9.205374607172744916e-03,4.947074517090314233e-02
1.285995393991470337e-01,4.381788149476051331e-02,3.005918741226196289e+00,2.606992982327938080e-02,5.714666247367858887e-01,9.232510928995907307e-04,1.504806075044959057e-01,5.547999004421528824e-01,-2.473537258075037659e+00,-9.341675687902262751e-24,4.103022117167712257e-02,8.974589750170708369e-02,-4.267799357185353415e-03,3.273793641517859510e-02,1.574399497908395285e-01,7.217357198879960356e-02
1.701511591672897339e-01,1.449931114912033081e-01,3.001669406890869141e+00,6.181747838854789734e-02,7.400025725364685059e-01,2.362607792019844055e-02,1.962658343878292966e-02,2.330514733238696345e-01,-2.548322959965734658e+00,1.586056294143314360e-23,-1.236349567770966829e-03,-1.480005145072937900e-02,-4.725215584038267025e-04,-3.925316687756613687e-04,-4.661029466477395466e-03,5.096645919931469537e-02
1.701511591672897339e-01,1.449931114912033081e-01,3.001669406890869141e+00,6.181747838854789734e-02,7.400025725364685059e-01,2.362607792019844055e-02,9.193124256173282327e-02,3.301873281922032000e-01,-2.548322959928301046e+00,-6.544972857230934951e-24,5.638499535620211667e-02,1.207083517313003451e-01,-1.932358518242693890e-03,5.373899228738952816e-02,1.441615532332140015e-01,1.060585294502692788e-01
2.277725040912628174e-01,2.805015146732330322e-01,3.000209569931030273e+00,1.173950955271720886e-01,8.907678723335266113e-01,7.871814817190170288e-02,-1.135006898458469776e-01,9.853424556297715742e-03,-2.747224085020586681e+00,5.731155822878809308e-24,-2.347901910543431780e-03,-1.781535744667051002e-02,-1.574362963438158403e-03,2.270013796916936499e-03,-1.970684911259956706e-04,5.494448170041173196e-02
2.277725040912628174e-01,2.805015146732330322e-01,3.000209569931030273e+00,1.173950955271720886e-01,8.907678723335266113e-01,7.871814817190170288e-02,-3.021715828983126753e-02,1.079474615294544193e-01,-2.747224084990964155e+00,1.370901043635432167e-23,6.785263076424599693e-02,1.384261190891266091e-01,3.166590481996411910e-03,5.568613534156642564e-02,8.015703215750291655e-02,7.574517652308435101e-02
2.979730367660522461e-01,4.367429912090301514e-01,3.004950523376464844e+00,1.724768877029418945e-01,9.730838537216186523e-01,9.951884299516677856e-02,-2.584040575215246771e-01,-1.211425689862107302e-01,-2.832737250439198551e+00,-1.140757342805556623e-23,-3.449537754058817907e-03,-1.946167707443235972e-02,-1.990376859903442153e-03,5.168081150430492432e-03,2.422851379724200171e-03,5.665474500878397296e-02
2.979730367660522461e-01,4.367429912090301514e-01,3.004950523376464844e+00,1.724768877029418945e-01,9.730838537216186523e-01,9.951884299516677856e-02,-1.695178738376454941e-01,-2.836542925077451330e-02,-2.832737250358303704e+00,9.035499504580466475e-24,6.347354412078859420e-02,1.331078851222992077e-01,7.003725618123901597e-03,3.512243984369625704e-02,5.706957499352682817e-03,1.922734197438637910e-02
3.648961186408996582e-01,5.893125534057617188e-01,3.013944625854492188e+00,2.042089700698852539e-01,9.782235026359558105e-01,6.209143996238708496e-02,-3.213543257084497395e-01,-1.212719603206040692e-01,-2.713361200480418400e+00,-1.964328982644107644e-24,-4.084179401397713960e-03,-1.956447005271910733e-02,-1.241828799247723936e-03,6.427086514168983689e-03,2.425439206412027815e-03,5.426722400960837245e-02
3.648961186408996582e-01,5.893125534057617188e-01,3.013944625854492188e+00,2.042089700698852539e-01,9.782235026359558105e-01,6.209143996238708496e-02,-2.430661023890893502e-01,-4.790929458294051341e-02,-2.713361200353094471e+00,-8.701052658369872550e-22,6.825919985771178311e-02,1.057496464252472013e-01,-9.128111600875676857e-04,8.584809305739238283e-03,-4.732658316656868092e-02,1.189238027553932847e-02
4.372394979000091553e-01,7.146266698837280273e-01,3.014273643493652344e+00,2.079324573278427124e-01,9.299387335777282715e-01,1.971659623086452484e-02,-3.244956881846428609e-01,-1.703695685793038539e-02,-2.558811222239204763e+00,-6.075972818230263418e-22,-4.158649146556836484e-03,-1.859877467155457431e-02,-3.943319246171306247e-04,6.489913763692845006e-03,3.407391371585966056e-04,5.117622444478409777e-02
4.372394979000091553e-01,7.146266698837280273e-01,3.014273643493652344e+00,2.079324573278427124e-01,9.299387335777282715e-01,1.971659623086452484e-02,-2.325090487904589720e-01,6.081811210755659614e-02,-2.558811222261377694e+00,-3.918394767415645463e-24,7.569497495889665473e-02,1.039338910579681308e-01,-2.805220596492130625e-03,-1.925938781081190654e-02,-7.563013863985623697e-02,4.782323407125847747e-02
5.170931220054626465e-01,8.371593356132507324e-01,3.011862754821777344e+00,1.840228885412216187e-01,8.555249571800231934e-01,1.636360585689544678e-02,-2.480315751499382326e-01,1.402663831286780904e-01,-2.541785992658025073e+00,-8.764129732214671706e-19,-3.680457770824485664e-03,-1.711049914360041058e-02,-3.272721171381220984e-04,4.960631502998774645e-03,-2.805327662573575687e-03,5.083571985316050201e-02
5.170931220054626465e-01,8.371593356132507324e-01,3.011862754821777344e+00,1.840228885412216187e-01,8.555249571800231934e-01,1.636360585689544678e-02,-1.526995018175342500e-01,2.131384834841137110e-01,-2.541785992635273939e+00,9.954162681323206490e-24,5.824680119752878582e-02,8.927091717720037067e-02,8.515434563159729464e-03,-3.736535009731631329e-02,-6.207385107913665490e-02,8.341482520010042034e-02
5.790203809738159180e-01,9.435407519340515137e-01,3.020705461502075195e+00,1.436035484075546265e-01,7.977138757705688477e-01,4.894271120429039001e-02,-1.089635545517436965e-01,2.545282921194478298e-01,-2.678510253391960028e+00,-1.716503596969928835e-24,-2.872070968151119175e-03,-1.595427751541134143e-02,-9.788542240856124010e-04,2.179271091034884478e-03,-5.090565842388983242e-03,5.357020506783920222e-02
5.790203809738159180e-01,9.435407519340515137e-01,3.020705461502075195e+00,1.436035484075546265e-01,7.977138757705688477e-01,4.894271120429039001e-02,-1.097926274313382883e-02,3.234343124769233357e-01,-2.678510253413543651e+00,6.958430861932355830e-24,4.451040297746655661e-02,7.643786907196048475e-02,1.342854209244270791e-02,-3.928875748805724100e-02,-3.595993199615099556e-02,8.236805135575980819e-02
6.264028549194335938e-01,1.035932898521423340e+00,3.035112857818603516e+00,1.040952056646347046e-01,7.682226300239562988e-01,7.774055749177932739e-02,7.007402001151093185e-02,3.299652921407381090e-01,-2.812337685912708718e+00,-7.075401193972487237e-24,-2.081904113292676328e-03,-1.536445260047902828e-02,-1.554811149835799711e-03,-1.401480400230220580e-03,-6.599305842814762180e-03,5.624675371825417491e-02
6.264028549194335938e-01,1.035932898521423340e+00,3.035112857818603516e+00,1.040952056646347046e-01,7.682226300239562988e-01,7.774055749177932739e-02,1.828429870726221707e-01,4.028029974272469005e-01,-2.812337686284379856e+00,-5.524514601057376014e-22,4.533853799104692328e-02,8.775158286094675297e-02,2.170697435736634873e-02,-2.959697251105616878e-02,7.419241275263832591e-05,4.970822105137500529e-02
6.738232970237731934e-01,1.139048933982849121e+00,3.058374643325805664e+00,7.815509289503097534e-02,7.763528823852539062e-01,7.120202481746673584e-02,2.403957237569182837e-01,3.340370039838094773e-01,-2.834172454222692039e+00,-5.594429939154338335e-24,-1.563101857900650593e-03,-1.552705764770512253e-02,-1.424040496349476825e-03,-4.807914475138369559e-03,-6.680740079676228405e-03,5.668344908445384356e-02
6.738232970237731934e-01,1.139048933982849121e+00,3.058374643325805664e+00,7.815509289503097534e-02,7.763528823852539062e-01,7.120202481746673584e-02,3.922888313001937632e-01,4.230422150376559887e-01,-2.834172454133337737e+00,8.696011289483454235e-24,6.123140469193455449e-02,1.295381307601928267e-01,2.487066775560364817e-02,1.017875736104141560e-02,5.775908157967901690e-02,7.501516499215488132e-03
7.366178035736083984e-01,1.284114122390747070e+00,3.084669351577758789e+00,9.617962688207626343e-02,8.425728082656860352e-01,2.202009223401546478e-02,3.058101945664698507e-01,2.038154285823847167e-01,-2.705795281564828070e+00,-7.814671675473085534e-21,-1.923592537641516387e-03,-1.685145616531369406e-02,-4.404018446804158771e-04,-6.116203891329399789e-03,-4.076308571647646595e-03,5.411590563129656251e-02
7.366178035736083984e-01,1.284114122390747070e+00,3.084669351577758789e+00,9.617962688207626343e-02,8.425728082656860352e-01,2.202009223401546478e-02,4.045829786422996954e-01,2.564794782572498710e-01,-2.705795281252004969e+00,1.321973396430788457e-23,5.715676978230477268e-02,1.254909920692444114e-01,1.545424956828345131e-02,5.354098108696311864e-02,8.102475213254789477e-02,2.293861584108548152e-02
7.956981658935546875e-01,1.426456570625305176e+00,3.100564002990722656e+00,1.578122675418853760e-01,9.287271499633789062e-01,-9.157197549939155579e-03,2.292482938005141468e-01,9.684139427427037802e-03,-2.622891361178101732e+00,-1.463210209212185383e-23,-3.156245350837694197e-03,-1.857454299926764030e-02,1.831439509989429837e-04,-4.584965876010288488e-03,-1.936827885485881140e-04,5.245782722356203548e-02
7.956981658935546875e-01,1.426456570625305176e+00,3.100564002990722656e+00,1.578122675418853760e-01,9.287271499633789062e-01,-9.157197549939155579e-03,3.486428401006524402e-01,6.771600875708512490e-02,-2.622891361181604708e+00,1.436886988410133203e-23,6.089675366878510854e-02,1.248503255844115589e-01,4.954722896219898587e-04,7.955763490769612867e-02,7.490135895541250033e-02,4.843319960514044786e-02
8.597511649131774902e-01,1.569881439208984375e+00,3.100876331329345703e+00,2.443427592515945435e-01,1.004982829093933105e+00,-1.318182516843080521e-02,7.955067677610869192e-02,-1.760773365800860080e-01,-2.608765895858771611e+00,6.022951207145234701e-24,-4.886855185031846460e-03,-2.009965658187873316e-02,2.636365033685805770e-04,-1.591013535522184386e-03,3.521546731601654656e-03,5.217531791717543166e-02
8.597511649131774902e-01,1.569881439208984375e+00,3.100876331329345703e+00,2.443427592515945435e-01,1.004982829093933105e+00,-1.318182516843080521e-02,1.735315343459722381e-01,-1.340873031747081834e-01,-2.608765895861289597e+00,-1.496239881594416628e-23,6.693388074636463791e-02,1.290708613395690207e-01,5.483811292797291514e-03,9.035365160163189024e-02,4.762305217769102761e-02,7.074702487161560471e-02
9.315719008445739746e-01,1.719051957130432129e+00,3.106096506118774414e+00,3.381670415401458740e-01,1.049924135208129883e+00,5.389881785959005356e-03,-1.197179697206329219e-01,-3.276661974732494875e-01,-2.687058578219500227e+00,-1.316971193476434723e-23,-6.763340830802877512e-03,-2.099848270416249107e-02,-1.077976357191090528e-04,2.394359394412681752e-03,6.553323949465061915e-03,5.374117156439000426e-02
9.315719008445739746e-01,1.719051957130432129e+00,3.106096506118774414e+00,3.381670415401458740e-01,1.049924135208129883e+00,5.389881785959005356e-03,-1.508556687221954302e-02,-2.847788337786945068e-01,-2.687058578219467808e+00,5.741541620989462268e-24,5.718791306018833343e-02,1.090894889831544035e-01,9.079662309959601885e-03,6.636526443230827965e-02,4.519338615576407037e-03,7.016886033066023487e-02
9.955231547355651855e-01,1.849139928817749023e+00,3.115283966064453125e+00,4.042305946350097656e-01,1.048747897148132324e+00,2.181757055222988129e-02,-2.321371757135956559e-01,-3.865522321995577548e-01,-2.765306922788624888e+00,1.003639753686407445e-23,3.081653833389275121e-02,5.411676168441781343e-02,2.350284941494251711e-03,3.136758868524663901e-02,-1.196376050127256896e-02,5.495824104537973959e-02
1.034424304962158203e+00,1.924231648445129395e+00,3.118070602416992188e+00,4.309554398059844971e-01,1.029053092002868652e+00,2.146967314183712006e-02,-2.750384737674491098e-01,-3.916292385890082217e-01,-2.769517198915638634e+00,9.875426638165351671e-24,-8.619108796119601124e-03,-2.058106184005747963e-02,-4.293934628365470019e-04,5.500769475348998849e-03,7.832584771780171096e-03,5.539034397831277268e-02
1.034424304962158203e+00,1.924231648445129395e+00,3.118070602416992188e+00,4.309554398059844971e-01,1.029053092002868652e+00,2.146967314183712006e-02,-1.706515571533424869e-01,-3.540335782000930687e-01,-2.769517198914552836e+00,1.656229998297243796e-23,7.608362138271340669e-02,1.216958212852476962e-01,1.119612045586304561e-03,2.520329718005415165e-02,-6.592124961290846130e-02,3.311003457078492279e-02
1.119127035140991211e+00,2.066508531570434570e+00,3.119619607925415039e+00,4.527457058429718018e-01,9.560511708259582520e-01,-8.106362656690180302e-04,-2.809801160153563293e-01,-3.359790337333961041e-01,-2.690964379710336640e+00,-2.512116256188149329e-20,-9.054914116859436035e-03,-1.912102341651911175e-02,1.621272531338036060e-05,5.619602320307115484e-03,6.719580674667935405e-03,5.381928759420673281e-02
1.119127035140991211e+00,2.066508531570434570e+00,3.119619607925415039e+00,4.527457058429718018e-01,9.560511708259582520e-01,-8.106362656690180302e-04,-1.610084695365366358e-01,-2.970046124307820778e-01,-2.690964379654185112e+00,-1.496776854247608657e-23,7.832776010036468506e-02,1.119340932369232711e-01,2.127170824678614736e-03,-1.709592476934923555e-02,-9.610675509482913270e-02,2.989060067485856120e-02
1.206509709358215332e+00,2.197563648223876953e+00,3.121730566024780273e+00,4.324296116828918457e-01,8.540043234825134277e-01,-2.473932318389415741e-02,-1.728970223281265928e-01,-2.225792555406522211e-01,-2.607480384247168548e+00,-2.187613029071440682e-23,2.688173651695247024e-02,3.839109539985674502e-02,2.288171015679907327e-03,-1.591580427961847288e-02,-4.378555983623899639e-02,4.904567345652310895e-02
1.242040038108825684e+00,2.253034830093383789e+00,3.123523950576782227e+00,4.130558669567108154e-01,8.057671785354614258e-01,-2.784325741231441498e-02,-9.284256158765770428e-02,-1.676309671025765780e-01,-2.599641854208126990e+00,-4.128722979385714637e-25,-8.261117339134260718e-03,-1.611534357070931733e-02,5.568651482463771174e-04,1.856851231753164910e-03,3.352619342051554874e-03,5.199283708416253813e-02
1.242040038108825684e+00,2.253034830093383789e+00,3.123523950576782227e+00,4.130558669567108154e-01,8.057671785354614258e-01,-2.784325741231441498e-02,1.049274770992071441e-02,-1.387780091235527036e-01,-2.599641854207287217e+00,3.179079913110534295e-24,5.174597799777980178e-02,7.537397146224966704e-02,3.183284215629189617e-03,-4.433895837636331327e-02,-8.498995466814540656e-02,6.037295956692238785e-02
1.302047133445739746e+00,2.344524145126342773e+00,3.126150369644165039e+00,3.689267635345458984e-01,7.180016636848449707e-01,-1.946313492953777313e-02,9.738058018164491569e-02,-5.828171774799690424e-02,-2.635503105294270121e+00,-7.736367166855827929e-24,-7.378535270690989023e-03,-1.436003327369705929e-02,3.892626985906311177e-04,-1.947611603632881661e-03,1.165634354959976804e-03,5.271006210588541352e-02
1.302047133445739746e+00,2.344524145126342773e+00,3.126150369644165039e+00,3.689267635345458984e-01,7.180016636848449707e-01,-1.946313492953777313e-02,2.153636163944159243e-01,-2.840737233599334444e-02,-2.635503105294269233e+00,-1.768810801484535635e-23,3.396515369415276098e-02,7.729832053184493290e-02,2.618714831769342055e-03,-5.135703314636974604e-02,-7.750171825686291704e-02,6.885382018864774634e-02
1.343390822410583496e+00,2.436182498931884766e+00,3.128379821777343750e+00,3.218770027160644531e-01,6.399317979812622070e-01,-3.319376846775412560e-03,3.640908747011807334e-01,3.442183053042470464e-02,-2.699017329644811891e+00,6.235160497756386447e-24,-6.437540054321289062e-03,-1.279863595962504874e-02,6.638753693533061551e-05,-7.281817494023623549e-03,-6.884366106084671699e-04,5.398034659289623755e-02
1.343390822410583496e+00,2.436182498931884766e+00,3.128379821777343750e+00,3.218770027160644531e-01,6.399317979812622070e-01,-3.319376846775412560e-03,5.088042941677528574e-01,6.697065755617015448e-02,-2.699017329644640029e+00,7.827429571496593619e-24,3.050196170806884766e-02,9.039440870285053720e-02,1.573477971833181499e-02,-2.844243591425410500e-02,-4.590026281771886207e-02,6.495831912458399637e-02
1.380330324172973633e+00,2.539375543594360352e+00,3.144048213958740234e+00,3.036106526851654053e-01,5.953709483146667480e-01,7.658595684915781021e-03,6.056195092271950964e-01,5.738835617703725439e-02,-2.770061414799410038e+00,1.782428373072084355e-23,-6.072213053703201524e-03,-1.190741896629354812e-02,-1.531719136984577290e-04,-1.211239018454390859e-02,-1.147767123540699430e-03,5.540122829598820298e-02
1.380330324172973633e+00,2.539375543594360352e+00,3.144048213958740234e+00,3.036106526851654053e-01,5.953709483146667480e-01,7.658595684915781021e-03,7.300851862984716334e-01,8.178731767167020383e-02,-2.770061414787353904e+00,-2.226946411409492179e-24,3.386575996875773598e-02,7.853595376014688156e-02,1.192582855932400321e-02,2.234420553573407409e-02,-8.185462349222016876e-03,4.862209279985714450e-02
1.420268297195434570e+00,2.629818916320800781e+00,3.156127214431762695e+00,3.405565619468688965e-01,5.888212323188781738e-01,8.794601890258491039e-04,6.831312660644162094e-01,1.788340548683301640e-02,-2.769005863498931852e+00,1.684449732921024333e-23,-6.811131238937395693e-03,-1.177642464637740360e-02,-1.758920378058803635e-05,-1.366262532128831308e-02,-3.576681097366973816e-04,5.538011726997863621e-02
1.420268297195434570e+00,2.629818916320800781e+00,3.156127214431762695e+00,3.405565619468688965e-01,5.888212323188781738e-01,8.794601890258491039e-04,8.033353075894871242e-01,3.814556706100296485e-02,-2.769005863493026798e+00,2.270577550463210896e-23,3.863669514656065118e-02,6.460192084312454952e-02,3.089004881912771339e-03,6.362527015703289823e-02,1.046064326998596972e-02,3.549150651616412439e-02
1.465716123580932617e+00,2.706197261810302734e+00,3.159233808517456055e+00,4.202485382556915283e-01,6.000447869300842285e-01,-1.900915056467056274e-02,6.013832920059926090e-01,-4.928190722694511527e-02,-2.702278148820449477e+00,-7.241070861154160799e-24,-8.404970765113928266e-03,-1.200089573860152470e-02,3.801830112935000727e-04,-1.202766584011982776e-02,9.856381445388917584e-04,5.404556297640900064e-02
1.465716123580932617e+00,2.706197261810302734e+00,3.159233808517456055e+00,4.202485382556915283e-01,6.000447869300842285e-01,-1.900915056467056274e-02,7.108877298242577414e-01,-3.333920986397440056e-02,-2.702278148820568049e+00,-6.793761414909463165e-24,4.893255174159993892e-02,6.140055537223831905e-02,-1.190518587827593677e-03,9.180856705306622567e-02,1.399223700184493158e-02,3.829082601647712525e-02
1.523053646087646484e+00,2.779598712921142578e+00,3.157663106918334961e+00,5.262748599052429199e-01,6.133702397346496582e-01,-3.476388752460479736e-02,4.044312925525515579e-01,-1.245493684285271518e-01,-2.641485214301482198e+00,-8.793110743419640214e-24,-1.052549719810480511e-02,-1.226740479469290435e-02,6.952777504922735829e-04,-8.088625851051078897e-03,2.490987368570563021e-03,5.282970428602964952e-02
1.523053646087646484e+00,2.779598712921142578e+00,3.157663106918334961e+00,5.262748599052429199e-01,6.133702397346496582e-01,-3.476388752460479736e-02,5.445725435205475140e-01,-1.073241128760732827e-01,-2.641485214301526163e+00,-1.301722288719124151e-23,7.778081059455876911e-02,8.266682028770455659e-02,-3.303989768026482921e-04,1.413948402520255332e-01,7.956087379134002546e-03,5.146279841797708754e-02
1.611359953880310059e+00,2.874532938003540039e+00,3.156637430191040039e+00,6.785611510276794434e-01,6.191798448562622070e-01,-3.613079339265823364e-02,7.166654000237382416e-02,-2.091527555460431786e-01,-2.634460272960357674e+00,2.397162339209481689e-24,-1.357122302055357999e-02,-1.238359689712531519e-02,7.226158678532712543e-04,-1.433330800047483145e-03,4.183055110920874675e-03,5.268920545920716125e-02
1.611359953880310059e+00,2.874532938003540039e+00,3.156637430191040039e+00,6.785611510276794434e-01,6.191798448562622070e-01,-3.613079339265823364e-02,1.944602458658343247e-01,-1.971895996076885316e-01,-2.634460272960338578e+00,2.502854603528243151e-23,9.407142758369446689e-02,8.823142766952507543e-02,-3.730566352605713121e-03,1.315399985929677218e-01,-1.617021261981521629e-02,6.370707189187355124e-02
1.719002604484558105e+00,2.975147962570190430e+00,3.152184247970581055e+00,8.139903545379638672e-01,5.990658402442932129e-01,-2.511292695999145508e-02,-2.562286729989824430e-01,-2.615025293799631556e-01,-2.666048703294681133e+00,-9.055379100421257460e-24,-1.627980709075926846e-02,-1.198131680488589978e-02,5.022585391998291016e-04,5.124573459979631096e-03,5.230050587599288647e-03,5.332097406589361710e-02
1.719002604484558105e+00,2.975147962570190430e+00,3.152184247970581055e+00,8.139903545379638672e-01,5.990658402442932129e-01,-2.511292695999145508e-02,-1.256576185464211848e-01,-2.522534328415537708e-01,-2.666048703294097155e+00,-2.871766265546194033e-23,7.435000896453858310e-02,5.978410601615902209e-02,-8.815377950668334961e-03,6.268797517824042931e-02,-3.481798132714719607e-02,5.914670969448683480e-02
1.809632420539855957e+00,3.046913385391235352e+00,3.142866611480712891e+00,8.741651773452758789e-01,5.592027902603149414e-01,-1.928719133138656616e-02,-3.891128675779479962e-01,-2.565012949240179640e-01,-2.669047144029635277e+00,-3.502615790802684132e-24,-1.748330354690552646e-02,-1.118405580520631659e-02,3.857438266279267225e-04,7.782257351558907743e-03,5.130025898480328195e-03,5.338094288059269665e-02
1.809632420539855957e+00,3.046913385391235352e+00,3.142866611480712891e+00,8.741651773452758789e-01,5.592027902603149414e-01,-1.928719133138656616e-02,-2.454430650100739020e-01,-2.495340726012929555e-01,-2.669047144029434104e+00,8.676687910660149717e-24,9.559099912643431729e-02,5.775825262069700372e-02,-1.034476116299609672e-02,1.012391009017954424e-02,-6.116424556327870743e-02,5.251475328155151556e-02
1.922706723213195801e+00,3.115855693817138672e+00,3.132136106491088867e+00,8.793802261352539062e-01,4.930478632450103760e-01,-2.015338093042373657e-02,-4.033015903668238367e-01,-2.065394297740980323e-01,-2.644755760851727366e+00,7.972057032164452642e-24,-1.758760452270502483e-02,-9.860957264899994357e-03,4.030676186084214407e-04,8.066031807336448978e-03,4.130788595481937886e-03,5.289511521703454955e-02
1.922706723213195801e+00,3.115855693817138672e+00,3.132136106491088867e+00,8.793802261352539062e-01,4.930478632450103760e-01,-2.015338093042373657e-02,-2.922255529858889811e-01,-2.036318127301861847e-01,-2.644755760851856152e+00,-1.046580742500365532e-23,7.272737979888921345e-02,4.405525863170645096e-02,-1.246295258402829731e-02,-4.774238917450468467e-02,-6.206288944882643044e-02,5.115452920443527840e-02
2.013021707534790039e+00,3.169771909713745117e+00,3.119270086288452148e+00,8.257933259010314941e-01,4.269123375415802002e-01,-2.189396694302558899e-02,-2.450031626988246614e-01,-1.463191009087697891e-01,-2.613058947879166816e+00,2.404549795660774281e-23,-1.651586651802050554e-02,-8.538246750831479659e-03,4.378793388606361248e-04,4.900063253976516542e-03,2.926382018175410771e-03,5.226117895758333742e-02
2.013021707534790039e+00,3.169771909713745117e+00,3.119270086288452148e+00,8.257933259010314941e-01,4.269123375415802002e-01,-2.189396694302558899e-02,-1.363731629148073055e-01,-1.456712012782855892e-01,-2.613058947878963867e+00,-1.812687326463051920e-23,6.077800631523144759e-02,3.317713677883160628e-02,-7.810449823737020125e-03,-7.710669993063823391e-02,-5.793785189530220592e-02,5.775669554090276381e-02
2.090315580368041992e+00,3.211487293243408203e+00,3.111021757125854492e+00,7.459591627120971680e-01,3.660610616207122803e-01,-1.639845035970211029e-02,9.007484796130862253e-03,-8.622460859475433725e-02,-2.616952494010429842e+00,1.898948400955311852e-23,-1.491918325424190783e-02,-7.321221232414298896e-03,3.279690071940066787e-04,-1.801496959226156491e-04,1.724492171895075643e-03,5.233904988020859905e-02
2.090315580368041992e+00,3.211487293243408203e+00,3.111021757125854492e+00,7.459591627120971680e-01,3.660610616207122803e-01,-1.639845035970211029e-02,1.318538749086165252e-01,-8.800951011323733530e-02,-2.616952494010433838e+00,4.504364845984493830e-24,6.006107568740848279e-02,3.447975456714624798e-02,9.106779508292639491e-03,-9.732418172333101580e-02,-5.437069587561610406e-02,6.939751772191585233e-02
2.165295839309692383e+00,3.253288269042968750e+00,3.119800567626953125e+00,6.512720584869384766e-01,3.099301755428314209e-01,6.600174820050597191e-04,3.200024082787248925e-01,-3.929412551940653087e-02,-2.696706789101139812e+00,-3.052157048877196937e-22,-1.302544116973880506e-02,-6.198603510856770527e-03,-1.320034964003014011e-05,-6.400048165574490078e-03,7.858825103881361684e-04,5.393413578202279485e-02
2.165295839309692383e+00,3.253288269042968750e+00,3.119800567626953125e+00,6.512720584869384766e-01,3.099301755428314209e-01,6.600174820050597191e-04,4.279443903903478175e-01,-4.305131112307296337e-02,-2.696706789118616943e+00,-4.573556399496974924e-22,3.100713253021236682e-02,3.167800247669205760e-02,9.124668531585555797e-03,-7.888229545780089946e-02,-3.536885244155524299e-02,6.483583706973879146e-02
2.209328413009643555e+00,3.291164875030517578e+00,3.128938436508178711e+00,5.809486508369445801e-01,2.737002968788146973e-01,1.156171876937150955e-02,6.335443774463194178e-01,-2.754636787296441125e-02,-2.754618650033227922e+00,1.113845406254440240e-23,-1.161897301673908700e-02,-5.474005937576187364e-03,-2.312343753874124275e-04,-1.267088754892642388e-02,5.509273574592632450e-04,5.509237300066455872e-02
2.209328413009643555e+00,3.291164875030517578e+00,3.128938436508178711e+00,5.809486508369445801e-01,2.737002968788146973e-01,1.156171876937150955e-02,7.829354195470485944e-01,-3.609439659808597739e-02,-2.754618650028702209e+00,1.674781717797620751e-23,2.334868788719157706e-02,3.259834170341502357e-02,2.083638494834305632e-02,-3.897300559019023503e-02,-2.356670679078609609e-02,5.099366612185233377e-02
2.244296073913574219e+00,3.329237222671508789e+00,3.150006055831909180e+00,5.576343536376953125e-01,2.494117021560668945e-01,7.463011890649795532e-03,8.880548691184717569e-01,-4.497453838333693305e-02,-2.781070865568636474e+00,-1.286044808849337405e-23,-1.115268707275385296e-02,-4.988234043121320127e-03,-1.492602378130314378e-04,-1.776109738236941737e-02,8.994907676667385221e-04,5.562141731137273254e-02
2.244296073913574219e+00,3.329237222671508789e+00,3.150006055831909180e+00,5.576343536376953125e-01,2.494117021560668945e-01,7.463011890649795532e-03,1.027154710722188780e+00,-5.631092281205608840e-02,-2.781070865568657791e+00,-3.073293251589862388e-23,2.378993988037114704e-02,3.498836278915407050e-02,1.430057458579536700e-02,3.886783546542682544e-02,-4.690047484425086122e-03,4.088630627596656630e-02
2.279238700866699219e+00,3.369213819503784180e+00,3.164455890655517578e+00,6.170452833175659180e-01,2.435954362154006958e-01,-7.272099144756793976e-03,8.998361275776687318e-01,-1.014899924140009319e-01,-2.755542714280595273e+00,1.533905427977771531e-23,-1.234090566635126507e-02,-4.871908724307871807e-03,1.454419828950115345e-04,-1.799672255155337908e-02,2.029799848280028352e-03,5.511085428561190991e-02
2.279238700866699219e+00,3.369213819503784180e+00,3.164455890655517578e+00,6.170452833175659180e-01,2.435954362154006958e-01,-7.272099144756793976e-03,1.029744368607642180e+00,-1.150024308394500955e-01,-2.755542714280578398e+00,-2.318700612305568079e-23,4.485332727432256306e-02,4.839223235845580007e-02,-4.805796649307136903e-03,1.282479242123197860e-01,2.482945469282293871e-03,2.940015699978059532e-02
2.336432933807373047e+00,3.422477960586547852e+00,3.159504652023315430e+00,7.658880949020385742e-01,2.437783330678939819e-01,-3.298279643058776855e-02,6.376040772606241802e-01,-1.911605335878451273e-01,-2.651632836498833523e+00,1.548505100432340629e-23,-1.531776189804068267e-02,-4.875566661358021747e-03,6.596559286116132625e-04,-1.275208154521245696e-02,3.823210671756893664e-03,5.303265672997667379e-02
2.336432933807373047e+00,3.422477960586547852e+00,3.159504652023315430e+00,7.658880949020385742e-01,2.437783330678939819e-01,-3.298279643058776855e-02,7.965772204085300734e-01,-2.118495636874119514e-01,-2.651632836499044910e+00,2.290693439593482501e-23,7.602587938308724702e-02,4.989299565553650950e-02,8.727025389671183575e-03,1.934030078798848473e-01,-5.297635925424731829e-03,4.093830806092876862e-02
2.427776575088500977e+00,3.477246522903442383e+00,3.167572021484375000e+00,9.752226471900939941e-01,2.342437058687210083e-01,-4.507714509963989258e-02,1.539952764336146307e-01,-2.749563372059626865e-01,-2.623214969435274657e+00,1.400109388252827099e-23,-1.950445294380198646e-02,-4.684874117374615565e-03,9.015429019929577237e-04,-3.079905528672322035e-03,5.499126744119259280e-03,5.246429938870550425e-02
2.427776575088500977e+00,3.477246522903442383e+00,3.167572021484375000e+00,9.752226471900939941e-01,2.342437058687210083e-01,-4.507714509963989258e-02,2.794346942777429788e-01,-2.944886156011172207e-01,-2.623214969435405663e+00,2.262062665331519074e-23,8.459434390068043541e-02,1.797967284917811881e-02,6.049476861953895224e-03,1.721235677912335005e-01,-3.320367739977728161e-02,6.230305556255721910e-02
2.531875371932983398e+00,3.499911069869995117e+00,3.172719955444335938e+00,1.152934908866882324e+00,1.951502561569213867e-01,-3.523838892579078674e-02,-3.211901027472902070e-01,-2.705709641107864605e-01,-2.669381110611872554e+00,1.898056187980592126e-23,-2.305869817733752214e-02,-3.903005123138569843e-03,7.047677785156913899e-04,6.423802054945859652e-03,5.411419282215723658e-03,5.338762221223744553e-02
2.531875371932983398e+00,3.499911069869995117e+00,3.172719955444335938e+00,1.152934908866882324e+00,1.951502561569213867e-01,-3.523838892579078674e-02,-2.179648347335729763e-01,-2.889484550538425900e-01,-2.669381110612177199e+00,2.681586321297338145e-23,9.397073030471814192e-02,-4.075503349305620304e-04,4.680159166455144515e-03,1.029828108700865386e-01,-4.906462056242869019e-02,6.571666417009877637e-02
2.648904800415039062e+00,3.503406524658203125e+00,3.176695346832275391e+00,1.251558423042297363e+00,1.403066664934158325e-01,-2.290934696793556213e-02,-6.469938520813656169e-01,-2.167049024766748155e-01,-2.722360194118398802e+00,3.497318024502936812e-23,-2.503116846084596503e-02,-2.806133329868121251e-03,4.581869393587290062e-04,1.293987704162735675e-02,4.334098049533496866e-03,5.444720388236798381e-02
2.648904800415039062e+00,3.503406524658203125e+00,3.176695346832275391e+00,1.251558423042297363e+00,1.403066664934158325e-01,-2.290934696793556213e-02,-5.199814708568153421e-01,-2.421365012202674194e-01,-2.722360194127036781e+00,2.574994132124006862e-23,1.384581732749938787e-01,-6.807750761508746251e-03,-2.714449092745763181e-03,1.295154267854981001e-02,-8.343313842122948576e-02,5.742906779846099208e-02
2.812394142150878906e+00,3.499404907226562500e+00,3.173522710800170898e+00,1.254110336303710938e+00,5.203079804778099060e-02,-1.992748305201530457e-02,-7.737496163699681961e-01,-1.116210522259986765e-01,-2.727037103947245633e+00,1.595046583929698696e-23,-2.508220672607430757e-02,-1.040615960955726393e-03,3.985496610403593820e-04,1.547499232739935060e-02,2.232421044519976305e-03,5.454074207894490933e-02
2.812394142150878906e+00,3.499404907226562500e+00,3.173522710800170898e+00,1.254110336303710938e+00,5.203079804778099060e-02,-1.992748305201530457e-02,-6.730595374819795529e-01,-1.343771099486198717e-01,-2.727037103955632702e+00,-3.383233128536159529e-23,1.008740901947020596e-01,-1.542560093104849983e-02,-2.975073233246749993e-03,-9.538046688891022029e-02,-6.950903640799076244e-02,4.809612956115974503e-02
2.938350439071655273e+00,3.485019922256469727e+00,3.170149087905883789e+00,1.145268678665161133e+00,-2.016578055918216705e-02,-2.637209556996822357e-02,-5.682539064581940691e-01,-1.765594503179071864e-02,-2.696794051581825613e+00,2.638771684510772619e-23,-2.290537357330313384e-02,4.033156111837854496e-04,5.274419113994177621e-04,1.136507812916387472e-02,3.531189006358154137e-04,5.393588103163651781e-02
2.938350439071655273e+00,3.485019922256469727e+00,3.170149087905883789e+00,1.145268678665161133e+00,-2.016578055918216705e-02,-2.637209556996822357e-02,-4.611070808297448864e-01,-4.433382031061049167e-02,-2.696794051583526031e+00,1.988725351324486590e-23,8.560798168182381929e-02,-2.743229191750273799e-02,-4.029213972389644738e-03,-1.816788398096440549e-01,-6.310033095841849349e-02,4.155640050581926870e-02
3.046863794326782227e+00,3.457184314727783203e+00,3.165592432022094727e+00,9.543676972389221191e-01,-8.415278792381286621e-02,-3.875157609581947327e-02,-1.006984371571962994e-01,7.131322540885789985e-02,-2.642486236606309546e+00,-9.936443907462976249e-24,-1.908735394477822922e-02,1.683055758476381669e-03,7.750315219166026282e-04,2.013968743143967899e-03,-1.426264508177163548e-03,5.284972473212619370e-02
3.046863794326782227e+00,3.457184314727783203e+00,3.165592432022094727e+00,9.543676972389221191e-01,-8.415278792381286621e-02,-3.875157609581947327e-02,-2.143217235594941511e-02,4.980950372358751432e-02,-2.642486236606468530e+00,-1.856274584797795064e-23,3.924342036247274734e-02,-2.028745472431170427e-02,-4.924603030085350497e-03,-1.647289726913392371e-01,-3.094763583281449904e-02,4.678854703137139137e-02
3.105194568634033203e+00,3.435213804244995117e+00,3.159892797470092773e+00,7.892100811004638672e-01,-1.141042336821556091e-01,-4.481275379657745361e-02,3.772634186218070118e-01,9.993224398224288818e-02,-2.609069630916177385e+00,-2.485650691727323511e-23,4.515233039855903741e-03,-8.695660382509018405e-03,-4.130323827266746406e-03,-8.175519688500942905e-02,-9.935353508776167963e-03,5.208623752822993946e-02
3.125494003295898438e+00,3.424236059188842773e+00,3.154866218566894531e+00,7.150001525878906250e-01,-1.220409423112869263e-01,-4.490790888667106628e-02,6.073729063476086543e-01,1.027263886741979354e-01,-2.598828192668222847e+00,-2.033768797590598887e-23,-1.430000305175793684e-02,2.440818846225933925e-03,8.981581777334213257e-04,-1.214745812695217086e-02,-2.054527773483957875e-03,5.197656385336446583e-02
3.125494003295898438e+00,3.424236059188842773e+00,3.154866218566894531e+00,7.150001525878906250e-01,-1.220409423112869263e-01,-4.490790888667106628e-02,6.993864569585859225e-01,7.494781435688357973e-02,-2.598828192668252157e+00,-1.700659909687577745e-23,1.470480918884264909e-02,-2.165948480367640983e-02,-1.447459496557712555e-02,-1.411274166773186511e-01,-1.926247084371252027e-03,6.557848162685023241e-02
3.154498815536499023e+00,3.400135755538940430e+00,3.139493465423583984e+00,5.878604650497436523e-01,-1.224682331085205078e-01,-3.130599111318588257e-02,1.065930547317926358e+00,7.248567275073530825e-02,-2.618389614295681067e+00,-2.511377390956229464e-23,-1.175720930099499739e-02,2.449364662170605556e-03,6.261198222636821242e-04,-2.131861094635856269e-02,-1.449713455014711716e-03,5.236779228591362245e-02
3.154498815536499023e+00,3.400135755538940430e+00,3.139493465423583984e+00,5.878604650497436523e-01,-1.224682331085205078e-01,-3.130599111318588257e-02,1.161332306942141068e+00,4.145759790078414747e-02,-2.618389614295718815e+00,-1.702052171350207106e-23,1.106087923049914323e-02,-9.516863822936816319e-03,-9.436336308717763188e-03,-4.182621593635871271e-02,1.792296847722220365e-02,7.597066723548884237e-02
3.177316904067993164e+00,3.388169527053833008e+00,3.129431009292602539e+00,5.692608952522277832e-01,-1.037161126732826233e-01,-7.703116163611412048e-03,1.235425972955193963e+00,-4.253129145701102683e-03,-2.685030787682084696e+00,2.531628389248337486e-23,-1.138521790504443132e-02,2.074322253465599175e-03,1.540623232720861324e-04,-2.470851945910390590e-02,8.506258291401946892e-05,5.370061575364169781e-02
3.177316904067993164e+00,3.388169527053833008e+00,3.129431009292602539e+00,5.692608952522277832e-01,-1.037161126732826233e-01,-7.703116163611412048e-03,1.319149918555383216e+00,-3.328023531178832956e-02,-2.685030787682380460e+00,-1.261807055955880325e-24,1.996515631675732649e-02,-7.392553985119398874e-04,-8.982852883637093555e-03,4.133395776750314887e-02,2.624578737778270054e-02,7.913430510949782948e-02
3.208667278289794922e+00,3.385355949401855469e+00,3.120294094085693359e+00,6.369778513908386230e-01,-7.813593000173568726e-02,1.773057319223880768e-02,1.135205083900817646e+00,-9.971870437724693337e-02,-2.760198885023548598e+00,7.993140343456321254e-25,-1.273955702781659483e-02,1.562718600034873617e-03,-3.546114638446340450e-04,-2.270410167801639734e-02,1.994374087544936724e-03,5.520397770047097419e-02
3.267167806625366211e+00,3.392377614974975586e+00,3.111376047134399414e+00,8.200074434280395508e-01,-5.056582018733024597e-02,2.768276631832122803e-02,7.106814059889736690e-01,-2.304246800388477234e-01,-2.779096886776446507e+00,1.579388201786115053e-23,2.643675565719583176e-02,3.891174420714182958e-03,-1.991319358348953017e-03,1.011114651495687022e-01,1.057914674728231003e-02,4.691990763470648557e-02
3.310004711151123047e+00,3.395257472991943359e+00,3.109938383102416992e+00,9.353325366973876953e-01,-4.459516704082489014e-02,1.902073621749877930e-02,3.975933826953607086e-01,-2.810999171131049468e-01,-2.744542766860517347e+00,-1.162535153667198440e-23,-1.870665073394794931e-02,8.919033408165688570e-04,-3.804147243497979503e-04,-7.951867653907207512e-03,5.621998342262096715e-03,5.489085533721034527e-02
3.310004711151123047e+00,3.395257472991943359e+00,3.109938383102416992e+00,9.353325366973876953e-01,-4.459516704082489014e-02,1.902073621749877930e-02,5.159310841904496403e-01,-3.297852490216714449e-01,-2.744542766855558646e+00,-3.484115923921463607e-23,1.183423089981077148e-01,-5.097886621951985830e-03,-1.100200414657415138e-03,2.567984017842085409e-01,-1.216326253837302779e-02,1.874310256036919309e-02
3.447053670883178711e+00,3.389267683029174805e+00,3.109218597412109375e+00,1.202449560165405273e+00,-6.335413455963134766e-02,-1.712701655924320221e-02,-4.272942090222610623e-01,-3.271609025889118394e-01,-2.610735283205371182e+00,-2.576005242642085338e-23,-2.404899120330794560e-02,1.267082691192467081e-03,3.425403311849706256e-04,8.545884180445328937e-03,6.543218051778237898e-03,5.221470566410742198e-02
3.447053670883178711e+00,3.389267683029174805e+00,3.109218597412109375e+00,1.202449560165405273e+00,-6.335413455963134766e-02,-1.712701655924320221e-02,-3.546518766748688045e-01,-3.590997481670912816e-01,-2.610735283205268598e+00,2.647251431904242531e-23,1.055479574203492810e-01,-1.390921354293839229e-02,4.865340776741611251e-03,1.526654614684339606e-01,-3.347290272647751586e-02,3.662655437309261797e-02
3.576650619506835938e+00,3.374091386795043945e+00,3.113741397857666016e+00,1.348021984100341797e+00,-1.040090322494506836e-01,-3.271516785025596619e-02,-9.797289898606518221e-01,-2.998202958471089530e-01,-2.562545239772493044e+00,1.286530103420355739e-22,-2.696043968200667607e-02,2.080180644989049199e-03,6.543033570052259051e-04,1.959457979721301868e-02,5.996405916942185166e-03,5.125090479544985866e-02
3.576650619506835938e+00,3.374091386795043945e+00,3.113741397857666016e+00,1.348021984100341797e+00,-1.040090322494506836e-01,-3.271516785025596619e-02,-8.960188312553210022e-01,-3.385950009035703090e-01,-2.562545238664423852e+00,-6.679984200149782709e-25,1.511530208587648083e-01,-3.146126031875606799e-02,1.787336997687827278e-02,9.259641345982316807e-02,-7.272734467187000340e-02,9.386696384560416773e-02
4.155402660369873047e+00,3.149638891220092773e+00,3.202210664749145508e+00,7.274682521820068359e-01,-4.118512272834777832e-01,-4.941245168447494507e-02,2.560356855962739233e-03,1.355138847795235302e-01,-2.675510110187328205e+00,-3.772713740852627093e-24,7.418045997619415743e-03,-3.076205611228921555e-02,-7.103915959596474039e-03,-1.744998760938758497e-01,-1.247775043957849439e-02,-1.577698614740775940e-02
4.177370071411132812e+00,3.110639810562133789e+00,3.194118499755859375e+00,5.530195832252502441e-01,-4.216187000274658203e-01,-1.186996400356292725e-01,4.981341269588439036e-01,1.463358129171293265e-01,-2.405819948450478307e+00,1.306686910495506907e-20,-1.106039166450489830e-02,8.432374000549192061e-03,2.373992800712709794e-03,-9.962682539176870300e-03,-2.926716258342565435e-03,4.811639896900957170e-02
4.177370071411132812e+00,3.110639810562133789e+00,3.194118499755859375e+00,5.530195832252502441e-01,-4.216187000274658203e-01,-1.186996400356292725e-01,5.697483681988139148e-01,1.020570408485658581e-01,-2.405819949149744730e+00,4.196827360427361138e-21,-2.480660676956070176e-03,-5.168749332427990950e-02,-2.892202198505389177e-02,-2.691545980440605002e-01,9.851356722548942901e-03,2.685943060397422144e-02
4.185949802398681641e+00,3.050519943237304688e+00,3.162822484970092773e+00,2.952599525451660156e-01,-4.097262024879455566e-01,-1.399566084146499634e-01,1.306620427836321596e+00,1.027029957451124909e-01,-2.266372019909137503e+00,-3.139829686539740566e-23,-5.905199050903142677e-03,8.194524049758733497e-03,2.799132168293194667e-03,-2.613240855672643859e-02,-2.054059914902262030e-03,4.532744039818276116e-02
4.185949802398681641e+00,3.050519943237304688e+00,3.162822484970092773e+00,2.952599525451660156e-01,-4.097262024879455566e-01,-1.399566084146499634e-01,1.382616691458805169e+00,5.285513579751448948e-02,-2.266372022557162413e+00,-3.546938102597253817e-23,-1.978878974914533018e-02,-4.409281611442583682e-02,-2.234806746244411002e-02,-1.418383972380277136e-01,4.591302629711124794e-02,1.571022836372833187e-01
4.254793167114257812e+00,2.916833639144897461e+00,3.170962333679199219e+00,7.843661308288574219e-01,-2.736043930053710938e-01,2.831072174012660980e-02,3.498216231904452966e-01,-3.483226551662950143e-01,-2.898670024558011704e+00,9.883748426259090696e-24,-1.568732261657679317e-02,5.472087860107333057e-03,-5.662144348024256146e-04,-6.996432463808877067e-03,6.966453103325886964e-03,5.797340049116023186e-02
4.254793167114257812e+00,2.916833639144897461e+00,3.170962333679199219e+00,7.843661308288574219e-01,-2.736043930053710938e-01,2.831072174012660980e-02,3.991492506687689401e-01,-3.885156215535179869e-01,-2.898670026510751452e+00,2.371370231564129722e-24,7.090201377868687871e-02,-2.107081413269051851e-02,-1.504871260374773811e-02,2.463950953546666378e-01,-1.038508355357931068e-02,-7.455963377952980198e-02
4.341382503509521484e+00,2.890290737152099609e+00,3.156479835510253906e+00,1.038744211196899414e+00,-2.917597889900207520e-01,-1.042223125696182251e-01,-4.262606241889043690e-01,-3.708003848901980093e-01,-2.384765464618874731e+00,-3.162464579913814074e-23,-2.077488422393791723e-02,5.835195779800628202e-03,2.084446251392257921e-03,8.525212483778021877e-03,7.416007697803983501e-03,4.769530929237750239e-02
4.341382503509521484e+00,2.890290737152099609e+00,3.156479835510253906e+00,1.038744211196899414e+00,-2.917597889900207520e-01,-1.042223125696182251e-01,-3.738169338832221245e-01,-4.157848112838686827e-01,-2.384765464819972980e+00,3.374187722524566975e-23,1.151737737655640359e-01,-3.124270796775796555e-02,-3.163700073957453895e-02,2.449344485333162513e-01,-4.393331815191664491e-02,-2.196430787295006182e-03
4.477331161499023438e+00,2.853212833404541016e+00,3.122758388519287109e+00,1.276202321052551270e+00,-3.440088033676147461e-01,-1.541140526533126831e-01,-1.266335381384943171e+00,-3.318525215592763589e-01,-2.135669369686694630e+00,1.781312661901853163e-26,6.555518865585341359e-02,-1.931225061416608213e-02,-1.465606123209006739e-02,1.048937824033946420e-01,-3.630764909464762047e-02,8.350696274020377730e-02
4.568410396575927734e+00,2.827020406723022461e+00,3.105020046234130859e+00,1.355769395828247070e+00,-3.869535028934478760e-01,-1.133204773068428040e-01,-1.635019011088691521e+00,-2.776003351712509892e-01,-2.250164236207105706e+00,6.852508051057002950e-24,-2.711538791656487035e-02,7.739070057868779884e-03,2.266409546136660680e-03,3.270038022177379489e-02,5.552006703425038658e-03,4.500328472414211189e-02
4.568410396575927734e+00,2.827020406723022461e+00,3.105020046234130859e+00,1.355769395828247070e+00,-3.869535028934478760e-01,-1.133204773068428040e-01,-1.579182439918454195e+00,-3.299119746844933476e-01,-2.250164236736918788e+00,1.822876865256584529e-23,1.525525617599488015e-01,-5.817675292491930605e-02,-1.554679617285747995e-02,2.400992500533938312e-02,-9.138202135530915093e-02,2.066877270462637306e-01
5.057071208953857422e+00,2.499364614486694336e+00,3.104073524475097656e+00,3.652462065219879150e-01,-6.543824076652526855e-01,-6.225542351603507996e-02,2.613831122436228727e-01,1.323434129364756129e-01,-2.435326710570143494e+00,-3.671676536136932387e-23,-7.304924130440149099e-03,1.308764815330487608e-02,1.245108470320666072e-03,-5.227662244872477437e-03,-2.646868258729506707e-03,4.870653421140286321e-02
5.057071208953857422e+00,2.499364614486694336e+00,3.104073524475097656e+00,3.652462065219879150e-01,-6.543824076652526855e-01,-6.225542351603507996e-02,3.046113522305530785e-01,7.975500653757909564e-02,-2.435326710619940993e+00,5.590119325841182430e-23,-1.260926067829171160e-02,-6.497679352760332705e-02,-2.246824182569984174e-02,-3.320729723005581557e-01,1.806453827409459922e-02,-6.578667565627069336e-02
5.051766872406005859e+00,2.421300172805786133e+00,3.080360174179077148e+00,3.926546126604080200e-02,-6.347227692604064941e-01,-1.767486333847045898e-01,1.226840119859841316e+00,7.745888628497277217e-02,-1.982057296663607637e+00,6.794918158037410943e-23,-7.853092253204962958e-04,1.269445538520797001e-02,3.534972667694091797e-03,-2.453680239719682743e-02,-1.549177725699402153e-03,3.964114593327217051e-02
5.051766872406005859e+00,2.421300172805786133e+00,3.080360174179077148e+00,3.926546126604080200e-02,-6.347227692604064941e-01,-1.767486333847045898e-01,1.266326823318481454e+00,2.598207268635420453e-02,-1.982057298508332233e+00,2.594609002623911378e-24,-5.151982918381659005e-02,-4.794278025627152218e-02,-1.682621240615844727e-02,-2.212284295456504735e-01,5.751245397855442310e-02,1.575799625175604568e-01
5.013149261474609375e+00,2.247655153274536133e+00,3.100438117980957031e+00,7.057561874389648438e-01,-4.651656150817871094e-01,7.811358571052551270e-02,-1.284761209866499554e-01,-5.139161757237311612e-01,-2.942272172036234590e+00,5.224411811308018865e-26,-1.411512374877954556e-02,9.303312301635724424e-03,-1.562271714210528017e-03,2.569522419732961360e-03,1.027832351447460768e-02,5.884544344072469013e-02
5.013149261474609375e+00,2.247655153274536133e+00,3.100438117980957031e+00,7.057561874389648438e-01,-4.651656150817871094e-01,7.811358571052551270e-02,-9.568290244511619413e-02,-5.747675549369473114e-01,-2.942272171307802164e+00,-4.354118632862170344e-26,1.223723602294919388e-01,-4.048444747924806464e-02,-2.372661650180818427e-02,3.960357817671640301e-01,-4.524481365803595390e-02,-2.072473636283636012e-01
5.149636745452880859e+00,2.197867393493652344e+00,3.078273773193359375e+00,1.099878311157226562e+00,-5.219057798385620117e-01,-1.879792213439941406e-01,-1.430842179590070984e+00,-4.791141110036847284e-01,-1.940712919535947600e+00,-3.546100465996135943e-23,-2.199756622314463783e-02,1.043811559677143563e-02,3.759584426879847285e-03,2.861684359180149961e-02,9.582282220073734536e-03,3.881425839071894757e-02
5.149636745452880859e+00,2.197867393493652344e+00,3.078273773193359375e+00,1.099878311157226562e+00,-5.219057798385620117e-01,-1.879792213439941406e-01,-1.405343710979287453e+00,-5.311986659495754326e-01,-1.940712919604237197e+00,4.515365845550836202e-23,1.502374458312987215e-01,-5.625566720962504874e-02,-3.752831459045413709e-02,2.923247277657283760e-01,-9.701480298334619334e-02,3.151023071550240751e-02
5.818953990936279297e+00,1.588947892189025879e+00,3.131699562072753906e+00,1.936726272106170654e-01,-9.558416008949279785e-01,4.666493833065032959e-02,-3.673481082194360314e-01,3.862626140733813052e-01,-2.888618188049876245e+00,4.689019512892454658e-23,-3.873452544212341309e-03,1.911683201789848852e-02,-9.332987666130776461e-04,7.346962164388709526e-03,-7.725252281467587245e-03,5.777236376099752907e-02
5.818953990936279297e+00,1.588947892189025879e+00,3.131699562072753906e+00,1.936726272106170654e-01,-9.558416008949279785e-01,4.666493833065032959e-02,-3.543185212659789585e-01,3.362869962572733740e-01,-2.888618173972402392e+00,-5.672986854681188513e-23,-3.955183923244476318e-02,-9.100108027458198023e-02,-1.168979138135917140e-02,-4.271618385743142232e-01,5.486093810296122086e-02,-2.436994510337584241e-01
5.783275604248046875e+00,1.478829979896545410e+00,3.120943069458007812e+00,-2.405755817890167236e-01,-8.942549228668212891e-01,-2.548068761825561523e-01,8.955654287079716225e-01,2.971710764650022929e-01,-1.791870272181294244e+00,8.951666030953023408e-23,4.811511635780085783e-03,1.788509845733643466e-02,5.096137523651123047e-03,-1.791130857415942912e-02,-5.943421529300052519e-03,3.583740544362590263e-02
5.783275604248046875e+00,1.478829979896545410e+00,3.120943069458007812e+00,-2.405755817890167236e-01,-8.942549228668212891e-01,-2.548068761825561523e-01,9.103111178318448182e-01,2.296680543756776938e-01,-1.791870272629655814e+00,2.506501740567393781e-23,-1.235411304235460861e-01,-8.413206577301024502e-02,-5.589681863784790039e-02,-5.066533222807244607e-01,1.438857429545397082e-01,-1.404485749258205241e-02
5.654922962188720703e+00,1.376812815666198730e+00,3.059950113296508789e+00,-7.290226817131042480e-01,-7.457758188247680664e-01,-3.046891391277313232e-01,2.518901737052275713e+00,2.641839045340510159e-02,-1.516981045360744851e+00,2.954358433675395579e-23,1.458045363426219154e-02,1.491551637649535245e-02,6.093782782554679756e-03,-5.037803474104551871e-02,-5.283678090680643535e-04,3.033962090721487037e-02
5.654922962188720703e+00,1.376812815666198730e+00,3.059950113296508789e+00,-7.290226817131042480e-01,-7.457758188247680664e-01,-3.046891391277313232e-01,2.527478226640205605e+00,-2.228406498162735505e-02,-1.516981043644887395e+00,9.218875435494388862e-23,-1.123502600193022616e-01,-3.395981550216675693e-02,-2.354069292545313274e-02,-2.570872880740638911e-01,1.365313703674730927e-01,2.941071538771816707e-01
5.406965255737304688e+00,1.207341313362121582e+00,3.293428897857666016e+00,9.807957410812377930e-01,-7.325865626335144043e-01,-2.702618241310119629e-01,-1.400479002064162870e+00,-5.182471200576547199e-01,-2.046179911618644542e+00,-6.838576511928014086e-26,-1.961591482162461375e-02,1.465173125267038579e-02,5.405236482620257021e-03,2.800958004128328849e-02,1.036494240115304333e-02,4.092359823237290417e-02
5.406965255737304688e+00,1.207341313362121582e+00,3.293428897857666016e+00,9.807957410812377930e-01,-7.325865626335144043e-01,-2.702618241310119629e-01,-1.404881634530666723e+00,-5.754360478996947137e-01,-2.046180022504151097e+00,-7.682877897595616912e-26,1.850115990638734331e-01,-8.996801018714895015e-02,-6.002993464469907892e-02,4.277031453096319380e-01,-1.912149609687333607e-01,-1.154475161881005629e-01
6.302871704101562500e+00,2.125192247331142426e-02,3.406328916549682617e+00,-6.352612376213073730e-01,-8.069570064544677734e-01,-3.704156577587127686e-01,6.068083662267088618e-01,7.732437182025186928e-02,-1.907620430379897369e+00,-1.761981243302080782e-25,1.270522475242596983e-02,1.613914012908935700e-02,7.408313155174095499e-03,-1.213616732453415281e-02,-1.546487436405064031e-03,3.815240860759794295e-02
6.302871704101562500e+00,2.125192247331142426e-02,3.406328916549682617e+00,-6.352612376213073730e-01,-8.069570064544677734e-01,-3.704156577587127686e-01,5.796667837680264945e-01,5.827752346263760132e-03,-1.907620430473763395e+00,8.878846469507411310e-26,-1.224595129489900458e-01,-6.368234403431415058e-02,-6.909210264682785763e-02,-4.471597013942021359e-01,1.758002955199386985e-01,-9.404762386313519906e-02
6.167706966400146484e+00,-5.856956169009208679e-02,3.329828500747680664e+00,-1.070827603340148926e+00,-6.310401558876037598e-01,-5.026156902313232422e-01,2.027193283647052535e+00,-2.761031170254805711e-01,-1.329307341100932627e+00,2.722929288422481713e-23,2.141655206680326273e-02,1.262080311775207186e-02,1.005231380462667801e-02,-4.054386567294110399e-02,5.522062340509559242e-03,2.658614682201865254e-02
6.167706966400146484e+00,-5.856956169009208679e-02,3.329828500747680664e+00,-1.070827603340148926e+00,-6.310401558876037598e-01,-5.026156902313232422e-01,2.002774579442597069e+00,-3.336552567265859137e-01,-1.329307336481243107e+00,-2.169760035649505642e-23,-1.490369963645932216e-01,-2.128512397408485746e-02,-4.541576862335183762e-02,-2.479539891703339549e-01,1.243673042197672718e-01,3.548034445220595856e-01
5.671314239501953125e+00,-1.902634054422378540e-01,3.399483919143676758e+00,1.063518896698951721e-01,-7.287319302558898926e-01,-1.325505226850509644e-01,-2.328543860169218216e-01,-5.283516734288500327e-01,-2.759275936605562585e+00,-1.944215010718001739e-25,-2.127037793397512644e-03,1.457463860511779008e-02,2.651010453701196923e-03,4.657087720338431991e-03,1.056703346857701398e-02,5.518551873211124947e-02
5.671314239501953125e+00,-1.902634054422378540e-01,3.399483919143676758e+00,1.063518896698951721e-01,-7.287319302558898926e-01,-1.325505226850509644e-01,-2.639607316117030811e-01,-5.778067179068514525e-01,-2.759275936675768648e+00,6.349962016271145057e-26,6.563772127032319048e-02,-6.645568549633026900e-02,-5.142136961221677183e-02,4.242157876011938833e-01,-1.143347762673206924e-01,-2.641175617060521619e-01
5.739078998565673828e+00,-2.712937295436859131e-01,3.345411539077758789e+00,5.252884626388549805e-01,-8.546228408813476562e-01,-4.518536031246185303e-01,-1.575996772245891409e+00,-3.287353556010005340e-01,-1.527037274297268654e+00,5.441056209187483007e-23,-1.050576925277724172e-02,1.709245681762694424e-02,9.037072062492157443e-03,3.151993544491782373e-02,6.574707112020017341e-03,3.054074548594537530e-02
5.739078998565673828e+00,-2.712937295436859131e-01,3.345411539077758789e+00,5.252884626388549805e-01,-8.546228408813476562e-01,-4.518536031246185303e-01,-1.609313340982187146e+00,-3.783819767472279549e-01,-1.527037274139406930e+00,1.196654745618595285e-22,1.062687897682188520e-01,-8.735142111778260166e-02,-5.742782890796682693e-02,3.371281594435451279e-01,-1.313685820646343094e-01,6.714294456039432424e-02
6.075838565826416016e+00,-1.205330491065979004e+00,3.344283580780029297e+00,-8.642348051071166992e-01,-9.159775376319885254e-01,-3.535021245479583740e-01,7.682653364327129974e-01,1.300234673538243624e-01,-1.854885498930507692e+00,8.165459936412790408e-23,1.728469610214222740e-02,1.831955075263969057e-02,7.070042490959327353e-03,-1.536530672865421554e-02,-2.600469347076472815e-03,3.709770997861017161e-02
6.075838565826416016e+00,-1.205330491065979004e+00,3.344283580780029297e+00,-8.642348051071166992e-01,-9.159775376319885254e-01,-3.535021245479583740e-01,7.150724039724378756e-01,7.408991882719641320e-02,-1.854885498956631906e+00,-9.003497369860023150e-23,-1.240307641029358976e-01,-6.268173098564155943e-02,-5.812480270862563358e-02,-3.937880089009819784e-01,1.240855782370730021e-01,-8.991084734050847072e-02
5.934523105621337891e+00,-1.286331772804260254e+00,3.279088735580444336e+00,-1.243721365928649902e+00,-7.904101610183715820e-01,-4.805106818675994873e-01,2.012346397763252526e+00,-9.748469737905975097e-02,-1.313927615542860305e+00,1.174329089765304302e-22,2.487442731857303357e-02,1.580820322036746717e-02,9.610213637352149618e-03,-4.024692795526507716e-02,1.949693947581154774e-03,2.627855231085718390e-02
5.934523105621337891e+00,-1.286331772804260254e+00,3.279088735580444336e+00,-1.243721365928649902e+00,-7.904101610183715820e-01,-4.805106818675994873e-01,1.967384306894008894e+00,-1.428605263164199057e-01,-1.313927599748165864e+00,-4.813084543041661220e-26,-1.394736981391906383e-01,-3.351166009902950549e-02,-3.885861456394179569e-02,-2.707627194783341906e-01,1.214411877487709956e-01,2.911700870386797479e-01
5.282044887542724609e+00,-1.505940079689025879e+00,3.300474643707275391e+00,7.498414814472198486e-02,-7.571395635604858398e-01,-2.768640518188476562e-01,-6.003153924123306728e-01,-4.824304106624890398e-01,-2.035866292388880616e+00,1.479659427940279221e-25,-1.499682962894155480e-03,1.514279127120965462e-02,5.537281036376739962e-03,1.200630784824661956e-02,9.648608213249754151e-03,4.071732584777759678e-02
5.282044887542724609e+00,-1.505940079689025879e+00,3.300474643707275391e+00,7.498414814472198486e-02,-7.571395635604858398e-01,-2.768640518188476562e-01,-6.498898634520133832e-01,-5.218706954320516678e-01,-2.035866294748270189e+00,-2.181860585530079055e-25,5.358168452978162577e-02,-5.810786008834845084e-02,-3.924941062927267410e-02,3.930817903463184049e-01,-1.008504779561355535e-01,-1.076407211135489983e-01
5.337126255035400391e+00,-1.579190731048583984e+00,3.255687952041625977e+00,4.550681412220001221e-01,-8.684274554252624512e-01,-4.252220988273620605e-01,-1.844669910714259009e+00,-2.883883843163575489e-01,-1.458064588194143196e+00,7.704651586322101706e-24,-9.101362824440073496e-03,1.736854910850516021e-02,8.504441976547205684e-03,3.689339821428516686e-02,5.767767686327140986e-03,2.916129176388287947e-02
5.337126255035400391e+00,-1.579190731048583984e+00,3.255687952041625977e+00,4.550681412220001221e-01,-8.684274554252624512e-01,-4.252220988273620605e-01,-1.902702514064039452e+00,-3.329921841188901444e-01,-1.458064588216086976e+00,-6.422245176872217336e-23,8.150866448879234838e-02,-8.062017560005196870e-02,-3.204364418983463025e-02,3.442737174775545861e-01,-1.273511269101209598e-01,1.924363548021940651e-01
5.705516815185546875e+00,-2.540569543838500977e+00,3.438518047332763672e+00,-6.644645929336547852e-01,-9.642361402511596680e-01,-1.109949946403503418e-01,-5.458094951247071114e-01,3.985346806782116280e-01,-2.919360680104262862e+00,8.959552599762996227e-27,1.328929185867266938e-02,1.928472280502324665e-02,2.219899892807131181e-03,1.091618990249410004e-02,-7.970693613564283631e-03,5.838721360208526390e-02
5.567911624908447266e+00,-2.663307666778564453e+00,3.404230594635009766e+00,-1.133588671684265137e+00,-8.304635286331176758e-01,-4.258681833744049072e-01,8.672493564527714582e-01,2.074708755971484408e-01,-1.717949365337216872e+00,-1.617567645442154173e-23,2.267177343368498299e-02,1.660927057266237128e-02,8.517363667488009327e-03,-1.734498712905541140e-02,-4.149417511942976589e-03,3.435898730674435964e-02
5.567911624908447266e+00,-2.663307666778564453e+00,3.404230594635009766e+00,-1.133588671684265137e+00,-8.304635286331176758e-01,-4.258681833744049072e-01,8.036691047932188470e-01,1.697053233245814086e-01,-1.717949365372871018e+00,-1.017480097703301623e-23,-1.363105034828189233e-01,-5.393497228622434747e-02,-4.536022841930398286e-02,-3.536689641042261023e-01,1.226737107446594921e-01,-1.022019078740649123e-02
5.408929347991943359e+00,-2.733851909637451172e+00,3.350353002548217773e+00,-1.471184253692626953e+00,-7.043957114219665527e-01,-4.704473614692687988e-01,2.006244866252829162e+00,-1.077932669044017432e-02,-1.473397482444777085e+00,5.091395687991477872e-26,2.942368507385229037e-02,1.408791422843913566e-02,9.408947229385233868e-03,-4.012489732505652995e-02,2.155865338088203131e-04,2.946794964889554169e-02
5.408929347991943359e+00,-2.733851909637451172e+00,3.350353002548217773e+00,-1.471184253692626953e+00,-7.043957114219665527e-01,-4.704473614692687988e-01,1.934682275504976623e+00,-5.198806073265390543e-02,-1.473397482444021023e+00,-2.598816812094487548e-25,-1.864953327178957565e-01,-3.944945454597492684e-02,-3.348088622093214894e-02,-2.833198099464397934e-01,1.375671803049240971e-01,3.297479990921253767e-01
4.532961368560791016e+00,-2.860119581222534180e+00,3.415186643600463867e+00,-5.086851716041564941e-01,-5.499762892723083496e-01,-1.141116842627525330e-01,7.034079670113461136e-01,-5.635334542946234260e-01,-2.857713032448947921e+00,1.052501340464968534e-25,1.017370343208323646e-02,1.099952578544627357e-02,2.282233685255263822e-03,-1.406815934022692671e-02,1.127066908589247074e-02,5.715426064897896619e-02
4.532961368560791016e+00,-2.860119581222534180e+00,3.415186643600463867e+00,-5.086851716041564941e-01,-5.499762892723083496e-01,-1.141116842627525330e-01,6.038729912846932946e-01,-6.116597742645414337e-01,-2.857713032397311004e+00,-1.662100426551717896e-25,1.021291017532455214e-03,-3.324619412422169518e-02,-5.097332432866075180e-02,4.688705618097193106e-01,-7.975208979684422772e-02,-2.798782437318030891e-01
4.523808956146240234e+00,-2.904365301132202148e+00,3.361931085586547852e+00,-2.773714996874332428e-02,-6.419615745544433594e-01,-4.511441886425018311e-01,-7.314740590953742183e-01,-4.381907909788928523e-01,-1.558559375577942996e+00,3.170949136325910508e-23,5.547429993750796484e-04,1.283923149108900930e-02,9.022883772849876749e-03,1.462948118190748881e-02,8.763815819577858157e-03,3.117118751155883993e-02
4.523808956146240234e+00,-2.904365301132202148e+00,3.361931085586547852e+00,-2.773714996874332428e-02,-6.419615745544433594e-01,-4.511441886425018311e-01,-8.192095762409886683e-01,-4.791479969152140916e-01,-1.558559375816991777e+00,4.767443323879706628e-23,6.542653102427742340e-02,-8.488496780395493602e-02,-8.082778036594406856e-02,4.928128288058800099e-01,-1.434196002003981230e-01,3.001983439553601585e-02
4.588680744171142578e+00,-3.002089500427246094e+00,3.272080421447753906e+00,4.486914873123168945e-01,-7.949641346931457520e-01,-4.522955417633056641e-01,-2.326827951215252988e+00,-1.422243462471413089e-01,-1.396188062539229113e+00,-8.961619288482998565e-23,-8.973829746246053674e-03,1.589928269386309267e-02,9.045910835266290917e-03,4.653655902430509084e-02,2.844486924942879469e-03,2.792376125078460669e-02
4.588680744171142578e+00,-3.002089500427246094e+00,3.272080421447753906e+00,4.486914873123168945e-01,-7.949641346931457520e-01,-4.522955417633056641e-01,-2.411191099949330230e+00,-1.802436916094780073e-01,-1.396188062157867504e+00,-1.137286731254991054e-22,9.186340093612699320e-02,-1.106225430965421808e-01,-3.957622051238995908e-02,2.937118695987790962e-01,-1.437229068913822294e-01,3.881010248606729385e-01
4.792030811309814453e+00,-3.888512611389160156e+00,3.320204973220825195e+00,-8.133507370948791504e-01,-8.367118835449218750e-01,-1.236155107617378235e-01,-4.604961073627334422e-01,5.114439356735079878e-01,-2.635969501835941475e+00,-7.346696020136710392e-23,1.626701474189751195e-02,1.673423767089854408e-02,2.472310215234863051e-03,9.209922147254689939e-03,-1.022887871347011313e-02,5.271939003671882729e-02
4.792030811309814453e+00,-3.888512611389160156e+00,3.320204973220825195e+00,-8.133507370948791504e-01,-8.367118835449218750e-01,-1.236155107617378235e-01,-5.423300225892618842e-01,4.810475317394375394e-01,-2.635969500948646349e+00,-1.193864422926931256e-22,-1.161015498638153787e-01,-8.393419265747059654e-02,-3.343781933188427757e-02,-4.156378055426300788e-01,1.241456409141309392e-01,-1.996835935868887524e-01
4.659662246704101562e+00,-3.989181041717529297e+00,3.284294843673706055e+00,-1.239835143089294434e+00,-7.029452919960021973e-01,-3.760184943675994873e-01,8.167631028277180238e-01,3.290531120242606855e-01,-1.673543943231668552e+00,9.329246474821143351e-24,2.479670286178592420e-02,1.405890583991986631e-02,7.520369887351829874e-03,-1.633526205655444485e-02,-6.581062240485158199e-03,3.347087886463340212e-02
4.659662246704101562e+00,-3.989181041717529297e+00,3.284294843673706055e+00,-1.239835143089294434e+00,-7.029452919960021973e-01,-3.760184943675994873e-01,7.339028092328923059e-01,2.992145843986303566e-01,-1.673543943330167316e+00,-6.071048968898625476e-23,-1.371252751350402477e-01,-4.508702158927935244e-02,-4.703957617282883419e-02,-3.779043507021748738e-01,1.474315670576022974e-01,3.557167437403435661e-02
4.497740268707275391e+00,-4.048326969146728516e+00,3.229734897613525391e+00,-1.603061437606811523e+00,-5.495294332504272461e-01,-3.739176988601684570e-01,1.991865485734626962e+00,6.615447371465492388e-02,-1.584337376913087514e+00,-4.739707485708144720e-23,3.206122875213601731e-02,1.099058866500879361e-02,7.478353977203422431e-03,-3.983730971469245929e-02,-1.323089474293048795e-03,3.168674753826172807e-02
4.497740268707275391e+00,-4.048326969146728516e+00,3.229734897613525391e+00,-1.603061437606811523e+00,-5.495294332504272461e-01,-3.739176988601684570e-01,1.927217092356761308e+00,4.355605644139550620e-02,-1.584337377397632363e+00,-6.065599629066956698e-23,-1.453999185562135921e-01,-1.878216981887792514e-02,-1.979601621627802288e-02,-2.657885997740760953e-01,1.392810054218465154e-01,2.685187255114002136e-01
3.559425592422485352e+00,-4.088445663452148438e+00,3.347908258438110352e+00,-6.450635194778442383e-01,-3.647318482398986816e-01,-1.514932364225387573e-01,6.260122086750242731e-01,-5.388011921110300584e-01,-2.588391069882838735e+00,-7.954290497260066458e-24,1.290127038955679595e-02,7.294636964798151268e-03,3.029864728450792910e-03,-1.252024417350050545e-02,1.077602384222059451e-02,5.176782139765678803e-02
3.559425592422485352e+00,-4.088445663452148438e+00,3.347908258438110352e+00,-6.450635194778442383e-01,-3.647318482398986816e-01,-1.514932364225387573e-01,5.117612662173509630e-01,-5.716615568768265154e-01,-2.588391069893770879e+00,1.430861973813720140e-22,-1.490691900253304780e-02,-3.754379153251630186e-02,-3.724666267633436334e-02,5.663401209667181524e-01,-1.324870116488709448e-01,-1.889686780308736658e-01
3.531617403030395508e+00,-4.133284091949462891e+00,3.307631731033325195e+00,-6.848817318677902222e-02,-5.086520910263061523e-01,-3.922297358512878418e-01,-1.087339125376088012e+00,-3.059554584790334930e-01,-1.660346613459415366e+00,7.034178328146753919e-23,1.369763463735740316e-03,1.017304182052569672e-02,7.844594717025810127e-03,2.174678250752176689e-02,6.119109169580694285e-03,3.320693226918830510e-02
3.531617403030395508e+00,-4.133284091949462891e+00,3.307631731033325195e+00,-6.848817318677902222e-02,-5.086520910263061523e-01,-3.922297358512878418e-01,-1.200896576548992956e+00,-3.371158509124873581e-01,-1.660346610146212765e+00,-2.913537910061108702e-23,3.691034421324745907e-02,-6.647519350051922515e-02,-5.191406846046442425e-02,3.851105213265693106e-01,-1.393263155844418621e-01,8.552845563088751213e-02
3.567157983779907227e+00,-4.209932327270507812e+00,3.247873067855834961e+00,2.926044166088104248e-01,-6.547207236289978027e-01,-3.399082124233245850e-01,-2.334193306910099075e+00,-1.904504041038559276e-02,-1.730392312779577280e+00,2.072968628879591886e-25,-5.852088332176208496e-03,1.309441447257952973e-02,6.798164248466687098e-03,4.668386613820196818e-02,3.809008082077403046e-04,3.460784625559154559e-02
3.567157983779907227e+00,-4.209932327270507812e+00,3.247873067855834961e+00,2.926044166088104248e-01,-6.547207236289978027e-01,-3.399082124233245850e-01,-2.419031330268315738e+00,-4.148666107467685604e-02,-1.730392312776020569e+00,2.897084086901461219e-25,4.854883253574371338e-02,-7.063485264778179840e-02,-1.420865833759288321e-02,1.773101820214735003e-01,-1.081164709639923505e-01,2.960488088085447278e-01
3.627690553665161133e+00,-4.858599185943603516e+00,3.358505964279174805e+00,-8.439718484878540039e-01,-7.095948457717895508e-01,-2.284970730543136597e-01,-4.887041932736622685e-01,5.580319860156546241e-01,-2.327222741130671402e+00,4.425228980201745813e-23,1.687943696975713337e-02,1.419189691543554233e-02,4.569941461086468593e-03,9.774083865473293109e-03,-1.116063972031311469e-02,4.654445482261343470e-02
3.627690553665161133e+00,-4.858599185943603516e+00,3.358505964279174805e+00,-8.439718484878540039e-01,-7.095948457717895508e-01,-2.284970730543136597e-01,-5.866622644238984607e-01,5.369983585746475052e-01,-2.327222741105498649e+00,-8.190979167478992524e-23,-1.068230891227721635e-01,-7.452651739120508267e-02,-3.207618623971919547e-02,-4.077264552959336541e-01,1.110363156158300502e-01,-1.024297403006088070e-01
3.503988027572631836e+00,-4.947317600250244141e+00,3.321859836578369141e+00,-1.263431549072265625e+00,-5.878185629844665527e-01,-3.774712681770324707e-01,7.236806901894505817e-01,4.034556813890962657e-01,-1.734942111068615622e+00,1.305248693396417356e-22,-5.421797752380363988e-02,-2.440648198127703949e-02,-1.349864363670327805e-02,-2.106419172934741457e-01,6.354860888350954973e-02,4.480534618484277587e-02
3.424501419067382812e+00,-4.983480453491210938e+00,3.300811767578125000e+00,-1.459599852561950684e+00,-5.162008404731750488e-01,-3.673647642135620117e-01,1.338706044272489182e+00,2.994580462860905179e-01,-1.731704004000388153e+00,-1.509641557215817125e-22,-9.207246065139784719e-02,-2.639721274375883553e-02,-1.719718217849752762e-02,-2.351421838584721868e-01,8.904803118052517785e-02,1.129363442935698014e-01
3.303236961364746094e+00,-5.020201683044433594e+00,3.276267290115356445e+00,-1.667967915534973145e+00,-4.211636483669281006e-01,-2.890625000000000000e-01,2.063670132086039111e+00,1.513156881884021032e-01,-1.951003611531014093e+00,-4.793842555849899088e-23,3.335935831069924973e-02,8.423272967338135686e-03,5.781250000000071054e-03,-4.127340264172074669e-02,-3.026313763768051501e-03,3.902007223062026187e-02
3.303236961364746094e+00,-5.020201683044433594e+00,3.276267290115356445e+00,-1.667967915534973145e+00,-4.211636483669281006e-01,-2.890625000000000000e-01,1.970173249226904622e+00,1.328651514188152194e-01,-1.951003583251113227e+00,1.837577067994597753e-25,-1.927532458305361018e-01,-3.055291950702709869e-02,-1.441304206848137426e-02,-2.356603409763593504e-01,1.413218291470692556e-01,3.012586281841729829e-01
2.390916109085083008e+00,-5.067264556884765625e+00,3.357209920883178711e+00,-7.434614300727844238e-01,-1.896457970142364502e-01,-1.815706193447113037e-01,6.842927465549789590e-01,-3.895182048837299571e-01,-2.496539735405195248e+00,4.723585527180521610e-23,1.486922860145556413e-02,3.792915940284302678e-03,3.631412386894350419e-03,-1.368585493109952811e-02,7.790364097674612465e-03,4.993079470810390941e-02
2.390916109085083008e+00,-5.067264556884765625e+00,3.357209920883178711e+00,-7.434614300727844238e-01,-1.896457970142364502e-01,-1.815706193447113037e-01,5.789809265661338689e-01,-4.056543097023153632e-01,-2.496539740987127942e+00,5.432807195582803985e-23,-8.577808141708498368e-03,-2.200731217861218170e-02,-1.851838886737811052e-02,5.224126570643422562e-01,-8.108755949114962447e-02,-1.339171093855797134e-01
2.367469072341918945e+00,-5.093064785003662109e+00,3.335060119628906250e+00,-2.094691544771194458e-01,-2.788464426994323730e-01,-3.654185235500335693e-01,-9.034450027091966984e-01,-2.377877592424436914e-01,-1.798650288883808734e+00,1.131487654860426995e-24,4.189383089542531025e-03,5.576928853988860624e-03,7.308370471000635860e-03,1.806890005418393397e-02,4.755755184848886596e-03,3.597300577767614804e-02
2.367469072341918945e+00,-5.093064785003662109e+00,3.335060119628906250e+00,-2.094691544771194458e-01,-2.788464426994323730e-01,-3.654185235500335693e-01,-1.010911494931377996e+00,-2.532989340931032785e-01,-1.798650288171885991e+00,-7.437113421191743428e-23,4.260243088006987477e-02,-4.586664795875528000e-02,-1.757728397846225477e-02,4.413246131030876818e-01,-1.053318370224836098e-01,1.032355956949257414e-01
2.486528635025024414e+00,-5.734840869903564453e+00,3.447091102600097656e+00,-9.728205800056457520e-01,-4.319275319576263428e-01,-2.152104377746582031e-01,-6.418110054147053711e-01,5.770819651408263251e-01,-2.550231523759228569e+00,1.015080432508831757e-23,1.945641160011302162e-02,8.638550639152420274e-03,4.304208755493199590e-03,1.283622010829410520e-02,-1.154163930281654205e-02,5.100463047518455362e-02
2.486528635025024414e+00,-5.734840869903564453e+00,3.447091102600097656e+00,-9.728205800056457520e-01,-4.319275319576263428e-01,-2.152104377746582031e-01,-7.303256027689801755e-01,5.692037857349464547e-01,-2.550231523740504436e+00,-1.604462172026471782e-22,-1.045138585567473299e-01,-4.700310051441203285e-02,-2.226730346679683947e-02,-3.523352379942115142e-01,8.481454269731891760e-02,-1.060178755238013748e-01
2.362558364868164062e+00,-5.790482521057128906e+00,3.420519590377807617e+00,-1.339762330055236816e+00,-3.357289135456085205e-01,-3.722329437732696533e-01,4.346067869334165890e-01,4.543972671008610908e-01,-1.926560371481136791e+00,2.535979108852085788e-25,-6.891574621200557971e-02,-1.599479138851123139e-02,-1.818271577358254731e-02,-2.222038411372277977e-01,6.238988506798642808e-02,2.428167401478203979e-02
2.266847372055053711e+00,-5.813191890716552734e+00,3.394892215728759766e+00,-1.553274035453796387e+00,-2.642510831356048584e-01,-3.864824771881103516e-01,1.119019931537823309e+00,3.457432528748725642e-01,-1.833561606281894241e+00,-2.768318054640273144e-25,3.106548070907599879e-02,5.285021662712274804e-03,7.729649543762207031e-03,-2.238039863075647062e-02,-6.914865057497443512e-03,3.667123212563788703e-02
2.266847372055053711e+00,-5.813191890716552734e+00,3.394892215728759766e+00,-1.553274035453796387e+00,-2.642510831356048584e-01,-3.864824771881103516e-01,9.890023445342215336e-01,3.356416663245059828e-01,-1.833561611031705008e+00,-1.846835503339958995e-23,-2.190441918373107200e-01,-1.509785950183850645e-02,-3.111064434051513672e-02,-3.579022955402815231e-01,1.625647750681326609e-01,2.191042711706005508e-01
1.285627603530883789e+00,-5.702808380126953125e+00,3.417167186737060547e+00,-1.038652300834655762e+00,1.016425415873527527e-01,-1.317677795886993408e-01,9.133792768716564314e-01,-4.887406820941267993e-01,-2.796945600037338497e+00,2.992945939001966872e-25,-1.755321741104132194e-02,1.389637127518650317e-02,-2.451543211936968447e-03,2.200021011614805566e-01,-1.575809509577691392e-02,-7.299895826330657367e-02
1.247301340103149414e+00,-5.686879158020019531e+00,3.412080287933349609e+00,-8.003826141357421875e-01,7.610963284969329834e-02,-2.607056498527526855e-01,2.572763519132486576e-01,-4.661525343562435975e-01,-2.314700029758335997e+00,6.978724395773118252e-23,-1.225341320037842685e-02,1.185928851366035985e-02,-1.174269318580645205e-02,2.772914398577921435e-01,-3.392998739142165376e-02,-5.661449149315112006e-02
1.219040274620056152e+00,-5.673497676849365234e+00,3.395123481750488281e+00,-5.179456472396850586e-01,3.285659477114677429e-02,-3.636141419410705566e-01,-5.477450560474236285e-01,-4.094112552079204326e-01,-1.910662384777715328e+00,-4.008337828808817907e-26,1.035891294479363012e-02,-6.571318954229354858e-04,7.272282838821197970e-03,1.095490112094843482e-02,8.188225104158407958e-03,3.821324769555428658e-02
1.219040274620056152e+00,-5.673497676849365234e+00,3.395123481750488281e+00,-5.179456472396850586e-01,3.285659477114677429e-02,-3.636141419410705566e-01,-6.465943372183774462e-01,-4.124111465363250462e-01,-1.910662384577312967e+00,-1.152433061170616368e-25,1.587007761001579809e-02,8.111903443932533264e-03,-3.880449175834677078e-02,4.600729678391093369e-01,-9.700060455650380553e-02,6.515809360638696868e-02
1.224551439285278320e+00,-5.664728641510009766e+00,3.349046707153320312e+00,-7.080456614494323730e-02,-7.239223271608352661e-02,-3.366692960262298584e-01,-1.961368084035386206e+00,-2.405721648004892910e-01,-1.919740058805939231e+00,-1.074868833832993708e-25,1.416091322898882510e-03,1.447844654321350788e-03,6.733385920524526114e-03,3.922736168070772855e-02,4.811443296009784709e-03,3.839480117611876464e-02
1.224551439285278320e+00,-5.664728641510009766e+00,3.349046707153320312e+00,-7.080456614494323730e-02,-7.239223271608352661e-02,-3.366692960262298584e-01,-2.075757348879695652e+00,-2.431723881778456997e-01,-1.919740069508267366e+00,-2.719312922787894731e-25,4.900944650173189032e-02,-1.777822956442864921e-02,-2.066067039966590357e-02,3.315344207355284678e-01,-1.241524524310880090e-01,2.544279099225941199e-01
1.232197046279907227e+00,-6.018689632415771484e+00,3.393288850784301758e+00,-1.047025918960571289e+00,-2.912089526653289795e-01,-2.110866159200668335e-01,-6.931255869229862032e-01,5.386848060365407864e-01,-2.459445459807785728e+00,-7.163782264048413749e-23,2.094051837921151460e-02,5.824179053306899334e-03,4.221732318401283379e-03,1.386251173845964857e-02,-1.077369612073081351e-02,4.918890919615570567e-02
1.232197046279907227e+00,-6.018689632415771484e+00,3.393288850784301758e+00,-1.047025918960571289e+00,-2.912089526653289795e-01,-2.110866159200668335e-01,-8.013101296785547500e-01,5.410654072532793402e-01,-2.459445467395060980e+00,-4.620688249108497335e-23,-1.381248474121092862e-01,-2.776184618473021004e-02,-3.488511353731160725e-02,-4.347544275181232099e-01,9.761889730976075485e-02,-1.234184976259375954e-01
1.073131680488586426e+00,-6.052275657653808594e+00,3.354182004928588867e+00,-1.497806549072265625e+00,-1.827687472105026245e-01,-3.836940228939056396e-01,6.547836334313548168e-01,3.914038210632479475e-01,-1.771094226777773617e+00,1.304777909964331670e-22,2.995613098144533915e-02,3.655374944210088017e-03,7.673880457878201611e-03,-1.309567266862710078e-02,-7.828076421264956730e-03,3.542188453555550343e-02
1.073131680488586426e+00,-6.052275657653808594e+00,3.354182004928588867e+00,-1.497806549072265625e+00,-1.827687472105026245e-01,-3.836940228939056396e-01,5.560198038422177191e-01,3.943136445785000443e-01,-1.771094230570476213e+00,-1.110996829113866357e-22,-1.868938517570495339e-01,-3.965436518192255733e-03,-4.019174873828879058e-02,-4.136391453139049990e-01,1.338949603595248061e-01,8.530352170781457799e-02
8.562816977500915527e-01,-6.059896469116210938e+00,3.306316375732421875e+00,-1.900325298309326172e+00,-4.098751395940780640e-02,-3.338123857975006104e-01,2.014448382726353515e+00,1.579116738093007677e-01,-1.853938466684375230e+00,-1.095492669502744272e-22,3.800650596618648791e-02,8.197502791880140194e-04,6.676247715950101025e-03,-4.028896765452705253e-02,-3.158233476186017574e-03,3.707876933368747796e-02
8.562816977500915527e-01,-6.059896469116210938e+00,3.306316375732421875e+00,-1.900325298309326172e+00,-4.098751395940780640e-02,-3.338123857975006104e-01,1.914012942173102694e+00,1.616246301845481459e-01,-1.853938466632995663e+00,1.475542550344855046e-22,-2.133778715133667347e-01,1.790768668055520152e-02,-1.978463828563681304e-02,-2.771418196649952925e-01,1.388559280854150257e-01,2.744492827122337331e-01
-3.097036778926849365e-01,-5.745568275451660156e+00,3.433274984359741211e+00,-8.372233510017395020e-01,2.061071991920471191e-01,-2.005728334188461304e-01,6.406704474333728694e-01,-5.558621887084719271e-01,-2.576649791008058799e+00,1.531978797754255300e-22,1.674446702003479226e-02,-4.122143983840587111e-03,4.011456668377100243e-03,-1.281340894866744851e-02,1.111724377416944964e-02,5.153299582016118707e-02
-3.097036778926849365e-01,-5.745568275451660156e+00,3.433274984359741211e+00,-8.372233510017395020e-01,2.061071991920471191e-01,-2.005728334188461304e-01,5.505001426761968464e-01,-5.484996731181269736e-01,-2.576649790985890309e+00,-6.181048627621175569e-23,1.674446702003479226e-02,-4.122143983840587111e-03,4.011456668377100243e-03,-1.101000285352393693e-02,1.096999346236254835e-02,5.153299581971781951e-02
-3.097036778926849365e-01,-5.745568275451660156e+00,3.433274984359741211e+00,-8.372233510017395020e-01,2.061071991920471191e-01,-2.005728334188461304e-01,4.125708463796893821e-01,-5.366736164871165338e-01,-2.576649790979570476e+00,1.590823954078996830e-22,-2.408638358116149680e-02,5.102216601371800664e-02,-8.688348084688168882e-02,7.256813017070116167e-01,-1.730273588027888276e-01,-1.960618226532708230e-01
-3.505345284938812256e-01,-5.690423965454101562e+00,3.342380046844482422e+00,-1.032906323671340942e-01,2.234636805951595306e-02,-4.481676518917083740e-01,-1.566868952849321817e+00,-2.647271424321328004e-01,-1.534050720059829231e+00,1.471421171233245179e-22,2.065812647342679664e-03,-4.469273611906743326e-04,8.963353037834131953e-03,3.133737905698644188e-02,5.294542848642655453e-03,3.068101440119658241e-02
-3.505345284938812256e-01,-5.690423965454101562e+00,3.342380046844482422e+00,-1.032906323671340942e-01,2.234636805951595306e-02,-4.481676518917083740e-01,-1.676924655296222699e+00,-2.542980262938912550e-01,-1.534050716254559799e+00,2.229132815871586627e-25,3.860849648714065330e-02,-8.398663811385986833e-03,-5.156277954578403211e-02,2.451564024777773132e-01,-1.331004327797814801e-01,1.414899530667751426e-01
-4.726853966712951660e-01,-5.928473472595214844e+00,3.346174001693725586e+00,-1.030162096023559570e+00,-2.429765611886978149e-01,-7.683837413787841797e-02,3.701179037387287291e-02,5.989126676542200212e-01,-2.858400836996599192e+00,-1.400561957968308656e-25,2.060324192047119363e-02,4.859531223774027353e-03,1.536767482757550596e-03,-7.402358074775072794e-04,-1.197825335308438932e-02,5.716801673993199273e-02
-4.726853966712951660e-01,-5.928473472595214844e+00,3.346174001693725586e+00,-1.030162096023559570e+00,-2.429765611886978149e-01,-7.683837413787841797e-02,-9.564147233048278518e-02,6.172037184549915567e-01,-2.858400759900924459e+00,-2.274919214914179225e-25,-1.937390542030334450e-01,-3.089848726987831640e-02,-3.601845026016237128e-02,-4.210082320691983515e-01,1.085794820183246245e-01,-3.057195759255624257e-01
-6.870276927947998047e-01,-5.964231491088867188e+00,3.308618783950805664e+00,-1.453083157539367676e+00,-1.220530048012733459e-01,-4.397259652614593506e-01,1.414259147481569112e+00,4.615061601328090402e-01,-1.502801387648949438e+00,9.804386712056102155e-23,2.906166315078739792e-02,2.441060096025182702e-03,8.794519305229009376e-03,-2.828518294963133783e-02,-9.230123202656176362e-03,3.005602775297899765e-02
-6.870276927947998047e-01,-5.964231491088867188e+00,3.308618783950805664e+00,-1.453083157539367676e+00,-1.220530048012733459e-01,-4.397259652614593506e-01,1.297780788761272008e+00,4.786502446212439477e-01,-1.502801387733011751e+00,1.000959145847450650e-22,-2.464568734169005904e-01,6.402623206376745202e-03,-6.339338123798388125e-02,-3.824595792456844112e-01,1.893209444970328226e-01,7.252982078444536462e-02
-1.952491641044616699e+00,-5.594906806945800781e+00,3.376453638076782227e+00,-2.442582845687866211e-01,2.810501456260681152e-01,-2.552743852138519287e-01,-2.799180024481423001e-01,-4.099764983010072972e-01,-2.264474309654306960e+00,-3.727329544424589009e-23,4.885165691375759067e-03,-5.621002912521433359e-03,5.105487704276878702e-03,5.598360048962858215e-03,8.199529966020135952e-03,4.528948619308614809e-02
-1.952491641044616699e+00,-5.594906806945800781e+00,3.376453638076782227e+00,-2.442582845687866211e-01,2.810501456260681152e-01,-2.552743852138519287e-01,-3.929136748435194670e-01,-3.865798890538588162e-01,-2.264474309407773944e+00,-3.710237669199387846e-23,1.358565568923952860e-02,1.016993641853325414e-02,-3.285575687885300411e-02,3.744115651752990548e-01,-1.210632511378376130e-01,-1.644782428558050902e-01
-1.943791151046752930e+00,-5.579115867614746094e+00,3.338492393493652344e+00,1.222950071096420288e-01,1.522552967071533203e-01,-4.650421142578125000e-01,-1.477898547973348409e+00,-1.589537287614659899e-01,-1.470600989323895158e+00,1.729369093735693268e-25,-2.445900142192813931e-03,-3.045105934143421678e-03,9.300842285156374345e-03,2.955797095946696706e-02,3.179074575229312583e-03,2.941201978647789428e-02
-1.943791151046752930e+00,-5.579115867614746094e+00,3.338492393493652344e+00,1.222950071096420288e-01,1.522552967071533203e-01,-4.650421142578125000e-01,-1.569670439644811788e+00,-1.391582002121684591e-01,-1.470600989817212545e+00,-5.155232860735509787e-23,5.007210999727251810e-02,-1.561214923858678105e-02,-3.887735366821276628e-02,3.183236271318625743e-01,-1.558609422348370688e-01,1.617017572593416608e-01
-2.011268138885498047e+00,-5.926761150360107422e+00,3.394776105880737305e+00,-1.170611619949340820e+00,8.854506164789199829e-02,-3.011013269424438477e-01,7.862760809083098046e-01,6.690052837968543109e-01,-2.132694404364974261e+00,9.685492182786391321e-26,2.341223239898670982e-02,-1.770901232958088656e-03,6.022026538849090116e-03,-1.572552161816620497e-02,-1.338010567593708733e-02,4.265388808729947412e-02
-2.011268138885498047e+00,-5.926761150360107422e+00,3.394776105880737305e+00,-1.170611619949340820e+00,8.854506164789199829e-02,-3.011013269424438477e-01,7.030740615438438867e-01,6.923237037639284885e-01,-2.132694404215377926e+00,8.891077415837248605e-26,-1.516959619522095792e-01,-3.151821643114338656e-03,-4.088253736495950363e-02,-3.539470736915091287e-01,1.496343069434554196e-01,-9.461554922877224438e-02
-2.186376333236694336e+00,-5.928142070770263672e+00,3.347871541976928711e+00,-1.510497212409973145e+00,2.520258426666259766e-01,-4.383707642555236816e-01,1.918410127900870288e+00,4.345256001879174157e-01,-1.576594036233690987e+00,1.573706385174932220e-25,3.020994424819933855e-02,-5.040516853332732694e-03,8.767415285110491396e-03,-3.836820255801742796e-02,-8.690512003758366077e-03,3.153188072467383307e-02
-2.186376333236694336e+00,-5.928142070770263672e+00,3.347871541976928711e+00,-1.510497212409973145e+00,2.520258426666259766e-01,-4.383707642555236816e-01,1.824778750774208147e+00,4.617015783726311495e-01,-1.576594039300025285e+00,1.360667111064336380e-22,-2.040715956687928490e-01,3.304637432098367356e-02,-4.855270266532896173e-02,-2.950154629396783967e-01,2.030244265700595907e-01,2.093045219679462998e-01
-3.148741006851196289e+00,-5.399699687957763672e+00,3.342332839965820312e+00,-3.061318099498748779e-01,5.966695547103881836e-01,-2.036539465188980103e-01,-1.433273541496068171e-01,-4.083572039429003708e-01,-2.386379768715680694e+00,-1.413767989126764566e-22,6.122636198997444268e-03,-1.193339109420765709e-02,4.073078930377782569e-03,2.866547082992110251e-03,8.167144078857990763e-03,4.772759537431359167e-02
-3.148741006851196289e+00,-5.399699687957763672e+00,3.342332839965820312e+00,-3.061318099498748779e-01,5.966695547103881836e-01,-2.036539465188980103e-01,-2.574714235859730804e-01,-3.675205273670336670e-01,-2.386379766688843773e+00,2.783493456183044799e-25,2.429656922817224896e-02,5.675786256790171791e-02,-6.383425444364565493e-02,5.047591372577302504e-01,-1.501114114855878201e-01,-2.878975018217940773e-01
-3.130567073822021484e+00,-5.331008434295654297e+00,3.274425506591796875e+00,1.934778988361358643e-01,4.392077326774597168e-01,-5.392790436744689941e-01,-1.730903426232737408e+00,-1.303470461448876239e-01,-1.119667626131910509e+00,2.521578750513980910e-25,-3.869557976722504122e-03,-8.784154653548981173e-03,1.078558087348957528e-02,3.461806852465476592e-02,2.606940922897760249e-03,2.239335252263818798e-02
-3.130567073822021484e+00,-5.331008434295654297e+00,3.274425506591796875e+00,1.934778988361358643e-01,4.392077326774597168e-01,-5.392790436744689941e-01,-1.822710549310281092e+00,-9.621356427550376011e-02,-1.119667636827698987e+00,-7.963419978995390671e-23,6.491992413997671463e-02,6.789346933365081327e-03,-5.468106150627116691e-02,4.047603411570277476e-01,-1.911200782656907737e-01,1.656971642866943428e-01
-3.284457206726074219e+00,-5.388792514801025391e+00,3.454364538192749023e+00,-1.460871219635009766e+00,5.616370439529418945e-01,-4.478189945220947266e-01,1.665555787749116057e+00,2.900053675137716502e-01,-1.732777462896705867e+00,5.697012134229481638e-23,2.921742439270014202e-02,-1.123274087905912211e-02,8.956379890441734659e-03,-3.331111575498235666e-02,-5.800107350275474083e-03,3.465554925793412622e-02
-3.284457206726074219e+00,-5.388792514801025391e+00,3.454364538192749023e+00,-1.460871219635009766e+00,5.616370439529418945e-01,-4.478189945220947266e-01,1.578926556840832607e+00,3.317882278697828480e-01,-1.732777462639982113e+00,-7.677522875065981762e-23,-1.954992389678955611e-01,8.190929174423189352e-02,-5.753498554229752315e-02,-2.891764544156252281e-01,1.785520520624773733e-01,-4.022922304792059256e-02
-3.509173870086669922e+00,-5.295650482177734375e+00,3.387873172760009766e+00,-1.718469142913818359e+00,7.468248605728149414e-01,-5.227037668228149414e-01,2.623371652414225430e+00,-1.624542755062402533e-02,-1.364338130694562778e+00,-1.225491467454368914e-22,-1.976166629791258345e-01,1.035046076774595036e-01,-4.505882978439323949e-02,-1.061782513389950555e-01,1.512729561889519792e-01,3.925460523554074044e-01
-4.240063190460205078e+00,-4.664041519165039062e+00,3.424626827239990234e+00,-3.045141696929931641e-01,7.748217582702636719e-01,-9.661304950714111328e-02,-9.197022104231536432e-02,-4.132376602122467824e-01,-2.946551531329003382e+00,2.276099498670091018e-25,6.090283393859863281e-03,-1.549643516540566424e-02,1.932260990142875556e-03,1.839404420846291188e-03,8.264753204244912332e-03,5.893103062658006097e-02
-4.240063190460205078e+00,-4.664041519165039062e+00,3.424626827239990234e+00,-3.045141696929931641e-01,7.748217582702636719e-01,-9.661304950714111328e-02,-1.868889421992533939e-01,-3.574111150799320069e-01,-2.946551530788823037e+00,-2.319704608729841740e-25,3.050482273101806641e-02,8.737069129943808576e-02,-6.594431638717646038e-02,5.194909437314133571e-01,-1.591189939039983070e-01,-3.598719459924999420e-01
-4.215648651123046875e+00,-4.561174392700195312e+00,3.356750249862670898e+00,2.112389951944351196e-01,6.085545420646667480e-01,-5.154160261154174805e-01,-1.698828092151520197e+00,-1.300836196092962638e-01,-1.333873265109242201e+00,-1.019585559017490909e-25,-4.224779903888808974e-03,-1.217109084129308627e-02,1.030832052230845619e-02,3.397656184303041171e-02,2.601672392185894189e-03,2.667746530218484402e-02
-4.215648651123046875e+00,-4.561174392700195312e+00,3.356750249862670898e+00,2.112389951944351196e-01,6.085545420646667480e-01,-5.154160261154174805e-01,-1.779472205187264455e+00,-8.069778559147515462e-02,-1.333873265001451758e+00,2.659956269911277036e-26,8.975934714078892540e-02,3.950947403907800748e-02,-7.800454378128041100e-02,4.090047205119408114e-01,-1.942623744254232676e-01,6.087387190288851002e-02
